"08/14/2019 - 00:44","height","1.82783"
"08/14/2019 - 00:44","base_humid","79.3093"
"08/14/2019 - 00:59","base_pressure","1008.64"
"08/14/2019 - 00:59","base_altitutde","38.4081"
"08/14/2019 - 00:59","temp","23.98"
"08/14/2019 - 00:59","pressure","1191.90"
"08/14/2019 - 00:59","depth","1.83"
"08/14/2019 - 00:59","base_temp","25.7625"
"08/14/2019 - 00:59","batt","3.50303"
"08/14/2019 - 00:59","height","1.78453"
"08/14/2019 - 00:59","base_humid","79.653"
"08/14/2019 - 01:14","base_pressure","1008.66"
"08/14/2019 - 01:14","base_altitutde","38.1544"
"08/14/2019 - 01:14","temp","23.95"
"08/14/2019 - 01:14","pressure","1188.98"
"08/14/2019 - 01:14","depth","1.80"
"08/14/2019 - 01:14","base_temp","25.8031"
"08/14/2019 - 01:14","batt","3.51914"
"08/14/2019 - 01:14","height","1.75588"
"08/14/2019 - 01:14","base_humid","78.7823"
"08/14/2019 - 01:29","base_pressure","1008.35"
"08/14/2019 - 01:29","base_altitutde","40.9235"
"08/14/2019 - 01:29","temp","23.95"
"08/14/2019 - 01:29","pressure","1185.16"
"08/14/2019 - 01:29","depth","1.76"
"08/14/2019 - 01:29","base_temp","25.8439"
"08/14/2019 - 01:29","batt","3.48369"
"08/14/2019 - 01:29","height","1.72176"
"08/14/2019 - 01:29","base_humid","79.4115"
"08/14/2019 - 01:44","base_pressure","1008.15"
"08/14/2019 - 01:44","base_altitutde","42.604"
"08/14/2019 - 01:44","temp","23.97"
"08/14/2019 - 01:44","pressure","1182.39"
"08/14/2019 - 01:44","depth","1.73"
"08/14/2019 - 01:44","base_temp","25.6965"
"08/14/2019 - 01:44","batt","3.51592"
"08/14/2019 - 01:44","height","1.69668"
"08/14/2019 - 01:44","base_humid","76.5576"
"08/14/2019 - 01:59","base_pressure","1008.16"
"08/14/2019 - 01:59","base_altitutde","42.5195"
"08/14/2019 - 01:59","temp","23.97"
"08/14/2019 - 01:59","pressure","1180.45"
"08/14/2019 - 01:59","depth","1.71"
"08/14/2019 - 01:59","base_temp","25.3154"
"08/14/2019 - 01:59","batt","3.51914"
"08/14/2019 - 01:59","height","1.67769"
"08/14/2019 - 01:59","base_humid","76.7228"
"08/14/2019 - 02:14","base_pressure","1008.03"
"08/14/2019 - 02:14","base_altitutde","43.5869"
"08/14/2019 - 02:14","temp","23.96"
"08/14/2019 - 02:14","pressure","1177.86"
"08/14/2019 - 02:14","depth","1.69"
"08/14/2019 - 02:14","base_temp","25.0613"
"08/14/2019 - 02:14","batt","3.49658"
"08/14/2019 - 02:14","height","1.65372"
"08/14/2019 - 02:14","base_humid","77.6247"
"08/14/2019 - 02:29","base_pressure","1007.97"
"08/14/2019 - 02:29","base_altitutde","44.2317"
"08/14/2019 - 02:29","temp","23.93"
"08/14/2019 - 02:29","pressure","1175.53"
"08/14/2019 - 02:29","depth","1.66"
"08/14/2019 - 02:29","base_temp","24.909"
"08/14/2019 - 02:29","batt","3.51592"
"08/14/2019 - 02:29","height","1.63165"
"08/14/2019 - 02:29","base_humid","77.8813"
"08/14/2019 - 02:45","base_pressure","1007.97"
"08/14/2019 - 02:45","base_altitutde","44.591"
"08/14/2019 - 02:45","temp","23.92"
"08/14/2019 - 02:45","pressure","1172.35"
"08/14/2019 - 02:45","depth","1.63"
"08/14/2019 - 02:45","base_temp","24.8379"
"08/14/2019 - 02:45","batt","3.49336"
"08/14/2019 - 02:45","height","1.60069"
"08/14/2019 - 02:45","base_humid","78.3859"
"08/14/2019 - 03:00","base_pressure","1007.88"
"08/14/2019 - 03:00","base_altitutde","44.8764"
"08/14/2019 - 03:00","temp","23.95"
"08/14/2019 - 03:00","pressure","1168.40"
"08/14/2019 - 03:00","depth","1.59"
"08/14/2019 - 03:00","base_temp","24.7717"
"08/14/2019 - 03:00","batt","3.48369"
"08/14/2019 - 03:00","height","1.56305"
"08/14/2019 - 03:00","base_humid","78.3612"
"08/14/2019 - 03:15","base_pressure","1007.94"
"08/14/2019 - 03:15","base_altitutde","44.3374"
"08/14/2019 - 03:15","temp","24.00"
"08/14/2019 - 03:15","pressure","1164.36"
"08/14/2019 - 03:15","depth","1.55"
"08/14/2019 - 03:15","base_temp","24.665"
"08/14/2019 - 03:15","batt","3.47725"
"08/14/2019 - 03:15","height","1.52312"
"08/14/2019 - 03:15","base_humid","78.9215"
"08/14/2019 - 03:30","base_pressure","1007.88"
"08/14/2019 - 03:30","base_altitutde","45.056"
"08/14/2019 - 03:30","temp","23.95"
"08/14/2019 - 03:30","pressure","1158.69"
"08/14/2019 - 03:30","depth","1.49"
"08/14/2019 - 03:30","base_temp","24.5939"
"08/14/2019 - 03:30","batt","3.47725"
"08/14/2019 - 03:30","height","1.46857"
"08/14/2019 - 03:30","base_humid","79.0179"
"08/14/2019 - 03:45","base_pressure","1007.74"
"08/14/2019 - 03:45","base_altitutde","45.6796"
"08/14/2019 - 03:45","temp","23.98"
"08/14/2019 - 03:45","pressure","1154.08"
"08/14/2019 - 03:45","depth","1.44"
"08/14/2019 - 03:45","base_temp","24.5229"
"08/14/2019 - 03:45","batt","3.47725"
"08/14/2019 - 03:45","height","1.42502"
"08/14/2019 - 03:45","base_humid","78.7886"
"08/14/2019 - 04:00","base_pressure","1007.88"
"08/14/2019 - 04:00","base_altitutde","44.7073"
"08/14/2019 - 04:00","temp","23.98"
"08/14/2019 - 04:00","pressure","1149.20"
"08/14/2019 - 04:00","depth","1.39"
"08/14/2019 - 04:00","base_temp","24.4617"
"08/14/2019 - 04:00","batt","3.48369"
"08/14/2019 - 04:00","height","1.37616"
"08/14/2019 - 04:00","base_humid","79.637"
"08/14/2019 - 04:15","base_pressure","1007.87"
"08/14/2019 - 04:15","base_altitutde","44.9398"
"08/14/2019 - 04:15","temp","23.94"
"08/14/2019 - 04:15","pressure","1146.14"
"08/14/2019 - 04:15","depth","1.36"
"08/14/2019 - 04:15","base_temp","24.4414"
"08/14/2019 - 04:15","batt","3.45791"
"08/14/2019 - 04:15","height","1.34645"
"08/14/2019 - 04:15","base_humid","79.7898"
"08/14/2019 - 04:30","base_pressure","1007.94"
"08/14/2019 - 04:30","base_altitutde","44.2528"
"08/14/2019 - 04:30","temp","23.97"
"08/14/2019 - 04:30","pressure","1141.15"
"08/14/2019 - 04:30","depth","1.31"
"08/14/2019 - 04:30","base_temp","24.4211"
"08/14/2019 - 04:30","batt","3.4708"
"08/14/2019 - 04:30","height","1.29719"
"08/14/2019 - 04:30","base_humid","79.7435"
"08/14/2019 - 04:45","base_pressure","1007.92"
"08/14/2019 - 04:45","base_altitutde","44.4959"
"08/14/2019 - 04:45","temp","23.94"
"08/14/2019 - 04:45","pressure","1137.62"
"08/14/2019 - 04:45","depth","1.27"
"08/14/2019 - 04:45","base_temp","24.3855"
"08/14/2019 - 04:45","batt","3.4708"
"08/14/2019 - 04:45","height","1.26294"
"08/14/2019 - 04:45","base_humid","79.5139"
"08/14/2019 - 05:00","base_pressure","1008.05"
"08/14/2019 - 05:00","base_altitutde","43.3861"
"08/14/2019 - 05:00","temp","23.92"
"08/14/2019 - 05:00","pressure","1135.84"
"08/14/2019 - 05:00","depth","1.26"
"08/14/2019 - 05:00","base_temp","24.3551"
"08/14/2019 - 05:00","batt","3.46758"
"08/14/2019 - 05:00","height","1.24438"
"08/14/2019 - 05:00","base_humid","79.8578"
"08/14/2019 - 05:15","base_pressure","1008.12"
"08/14/2019 - 05:15","base_altitutde","42.678"
"08/14/2019 - 05:15","temp","23.89"
"08/14/2019 - 05:15","pressure","1133.58"
"08/14/2019 - 05:15","depth","1.23"
"08/14/2019 - 05:15","base_temp","24.3094"
"08/14/2019 - 05:15","batt","3.45791"
"08/14/2019 - 05:15","height","1.22172"
"08/14/2019 - 05:15","base_humid","79.8162"
"08/14/2019 - 05:30","base_pressure","1008.37"
"08/14/2019 - 05:30","base_altitutde","40.6593"
"08/14/2019 - 05:30","temp","23.88"
"08/14/2019 - 05:30","pressure","1132.00"
"08/14/2019 - 05:30","depth","1.22"
"08/14/2019 - 05:30","base_temp","24.2789"
"08/14/2019 - 05:30","batt","3.46435"
"08/14/2019 - 05:30","height","1.20388"
"08/14/2019 - 05:30","base_humid","80.4241"
"08/14/2019 - 05:45","base_pressure","1008.32"
"08/14/2019 - 05:45","base_altitutde","41.1032"
"08/14/2019 - 05:45","temp","23.85"
"08/14/2019 - 05:45","pressure","1132.79"
"08/14/2019 - 05:45","depth","1.23"
"08/14/2019 - 05:45","base_temp","24.2484"
"08/14/2019 - 05:45","batt","3.45791"
"08/14/2019 - 05:45","height","1.21203"
"08/14/2019 - 05:45","base_humid","80.1994"
"08/14/2019 - 06:01","base_pressure","1008.46"
"08/14/2019 - 06:01","base_altitutde","39.8772"
"08/14/2019 - 06:01","temp","23.82"
"08/14/2019 - 06:01","pressure","1135.44"
"08/14/2019 - 06:01","depth","1.25"
"08/14/2019 - 06:01","base_temp","24.218"
"08/14/2019 - 06:01","batt","3.4418"
"08/14/2019 - 06:01","height","1.23647"
"08/14/2019 - 06:01","base_humid","80.4572"
"08/14/2019 - 06:16","base_pressure","1008.68"
"08/14/2019 - 06:16","base_altitutde","38.3658"
"08/14/2019 - 06:16","temp","23.91"
"08/14/2019 - 06:16","pressure","1138.58"
"08/14/2019 - 06:16","depth","1.28"
"08/14/2019 - 06:16","base_temp","24.1773"
"08/14/2019 - 06:16","batt","3.45146"
"08/14/2019 - 06:16","height","1.26488"
"08/14/2019 - 06:16","base_humid","80.1916"
"08/14/2019 - 06:31","base_pressure","1008.71"
"08/14/2019 - 06:31","base_altitutde","37.7951"
"08/14/2019 - 06:31","temp","23.98"
"08/14/2019 - 06:31","pressure","1141.49"
"08/14/2019 - 06:31","depth","1.31"
"08/14/2019 - 06:31","base_temp","24.035"
"08/14/2019 - 06:31","batt","3.44824"
"08/14/2019 - 06:31","height","1.29298"
"08/14/2019 - 06:31","base_humid","79.8763"
"08/14/2019 - 06:46","base_pressure","1008.99"
"08/14/2019 - 06:46","base_altitutde","35.5756"
"08/14/2019 - 06:46","temp","24.00"
"08/14/2019 - 06:46","pressure","1148.00"
"08/14/2019 - 06:46","depth","1.38"
"08/14/2019 - 06:46","base_temp","23.9639"
"08/14/2019 - 06:46","batt","3.45791"
"08/14/2019 - 06:46","height","1.3536"
"08/14/2019 - 06:46","base_humid","80.7387"
"08/14/2019 - 07:01","base_pressure","1009.14"
"08/14/2019 - 07:01","base_altitutde","34.0642"
"08/14/2019 - 07:01","temp","24.00"
"08/14/2019 - 07:01","pressure","1153.47"
"08/14/2019 - 07:01","depth","1.44"
"08/14/2019 - 07:01","base_temp","23.9842"
"08/14/2019 - 07:01","batt","3.44502"
"08/14/2019 - 07:01","height","1.40547"
"08/14/2019 - 07:01","base_humid","81.3408"
"08/14/2019 - 07:16","base_pressure","1009.15"
"08/14/2019 - 07:16","base_altitutde","34.1065"
"08/14/2019 - 07:16","temp","24.03"
"08/14/2019 - 07:16","pressure","1158.66"
"08/14/2019 - 07:16","depth","1.49"
"08/14/2019 - 07:16","base_temp","24.0096"
"08/14/2019 - 07:16","batt","3.50303"
"08/14/2019 - 07:16","height","1.45592"
"08/14/2019 - 07:16","base_humid","81.8094"
"08/14/2019 - 07:31","base_pressure","1009.37"
"08/14/2019 - 07:31","base_altitutde","32.1618"
"08/14/2019 - 07:31","temp","24.04"
"08/14/2019 - 07:31","pressure","1164.13"
"08/14/2019 - 07:31","depth","1.55"
"08/14/2019 - 07:31","base_temp","24.0146"
"08/14/2019 - 07:31","batt","3.4418"
"08/14/2019 - 07:31","height","1.50697"
"08/14/2019 - 07:31","base_humid","81.5025"
"08/14/2019 - 07:46","base_pressure","1009.51"
"08/14/2019 - 07:46","base_altitutde","31.3479"
"08/14/2019 - 07:46","temp","24.06"
"08/14/2019 - 07:46","pressure","1168.23"
"08/14/2019 - 07:46","depth","1.59"
"08/14/2019 - 07:46","base_temp","24.0045"
"08/14/2019 - 07:46","batt","3.4418"
"08/14/2019 - 07:46","height","1.54553"
"08/14/2019 - 07:46","base_humid","81.0033"
"08/14/2019 - 08:01","base_pressure","1009.5"
"08/14/2019 - 08:01","base_altitutde","31.0943"
"08/14/2019 - 08:01","temp","24.08"
"08/14/2019 - 08:01","pressure","1171.18"
"08/14/2019 - 08:01","depth","1.62"
"08/14/2019 - 08:01","base_temp","24.0654"
"08/14/2019 - 08:01","batt","3.50947"
"08/14/2019 - 08:01","height","1.5744"
"08/14/2019 - 08:01","base_humid","82.3235"
"08/14/2019 - 08:16","base_pressure","1009.44"
"08/14/2019 - 08:16","base_altitutde","31.6439"
"08/14/2019 - 08:16","temp","24.10"
"08/14/2019 - 08:16","pressure","1173.83"
"08/14/2019 - 08:16","depth","1.64"
"08/14/2019 - 08:16","base_temp","24.2383"
"08/14/2019 - 08:16","batt","3.51914"
"08/14/2019 - 08:16","height","1.60072"
"08/14/2019 - 08:16","base_humid","82.5313"
"08/14/2019 - 08:31","base_pressure","1009.73"
"08/14/2019 - 08:31","base_altitutde","29.5195"
"08/14/2019 - 08:31","temp","24.18"
"08/14/2019 - 08:31","pressure","1175.76"
"08/14/2019 - 08:31","depth","1.66"
"08/14/2019 - 08:31","base_temp","24.1773"
"08/14/2019 - 08:31","batt","3.44824"
"08/14/2019 - 08:31","height","1.61677"
"08/14/2019 - 08:31","base_humid","79.9892"
"08/14/2019 - 08:46","base_pressure","1009.76"
"08/14/2019 - 08:46","base_altitutde","29.213"
"08/14/2019 - 08:46","temp","24.12"
"08/14/2019 - 08:46","pressure","1174.63"
"08/14/2019 - 08:46","depth","1.65"
"08/14/2019 - 08:46","base_temp","24.0553"
"08/14/2019 - 08:46","batt","3.42568"
"08/14/2019 - 08:46","height","1.60543"
"08/14/2019 - 08:46","base_humid","79.9354"
"08/14/2019 - 09:01","base_pressure","1009.75"
"08/14/2019 - 09:01","base_altitutde","29.0544"
"08/14/2019 - 09:01","temp","24.08"
"08/14/2019 - 09:01","pressure","1175.06"
"08/14/2019 - 09:01","depth","1.66"
"08/14/2019 - 09:01","base_temp","23.1916"
"08/14/2019 - 09:01","batt","3.44502"
"08/14/2019 - 09:01","height","1.60975"
"08/14/2019 - 09:01","base_humid","80.7318"
"08/14/2019 - 09:16","base_pressure","1009.78"
"08/14/2019 - 09:16","base_altitutde","29.0122"
"08/14/2019 - 09:16","temp","24.04"
"08/14/2019 - 09:16","pressure","1175.53"
"08/14/2019 - 09:16","depth","1.66"
"08/14/2019 - 09:16","base_temp","22.9172"
"08/14/2019 - 09:16","batt","3.43857"
"08/14/2019 - 09:16","height","1.61403"
"08/14/2019 - 09:16","base_humid","82.5569"
"08/14/2019 - 09:31","base_pressure","1009.96"
"08/14/2019 - 09:31","base_altitutde","27.4479"
"08/14/2019 - 09:31","temp","24.00"
"08/14/2019 - 09:31","pressure","1176.37"
"08/14/2019 - 09:31","depth","1.67"
"08/14/2019 - 09:31","base_temp","22.7852"
"08/14/2019 - 09:31","batt","3.43213"
"08/14/2019 - 09:31","height","1.62039"
"08/14/2019 - 09:31","base_humid","82.7588"
"08/14/2019 - 09:46","base_pressure","1010.05"
"08/14/2019 - 09:46","base_altitutde","26.2536"
"08/14/2019 - 09:46","temp","24.01"
"08/14/2019 - 09:46","pressure","1175.12"
"08/14/2019 - 09:46","depth","1.66"
"08/14/2019 - 09:46","base_temp","23.0289"
"08/14/2019 - 09:46","batt","3.4998"
"08/14/2019 - 09:46","height","1.6074"
"08/14/2019 - 09:46","base_humid","82.8415"
"08/14/2019 - 10:01","base_pressure","1010.11"
"08/14/2019 - 10:01","base_altitutde","26.4016"
"08/14/2019 - 10:01","temp","24.08"
"08/14/2019 - 10:01","pressure","1177.48"
"08/14/2019 - 10:01","depth","1.68"
"08/14/2019 - 10:01","base_temp","23.0137"
"08/14/2019 - 10:01","batt","3.43213"
"08/14/2019 - 10:01","height","1.62977"
"08/14/2019 - 10:01","base_humid","82.3322"
"08/14/2019 - 10:16","base_pressure","1009.95"
"08/14/2019 - 10:16","base_altitutde","27.691"
"08/14/2019 - 10:16","temp","24.10"
"08/14/2019 - 10:16","pressure","1175.26"
"08/14/2019 - 10:16","depth","1.66"
"08/14/2019 - 10:16","base_temp","22.8867"
"08/14/2019 - 10:16","batt","3.42891"
"08/14/2019 - 10:16","height","1.60977"
"08/14/2019 - 10:16","base_humid","84.4396"
"08/14/2019 - 10:32","base_pressure","1009.96"
"08/14/2019 - 10:32","base_altitutde","26.9723"
"08/14/2019 - 10:32","temp","24.08"
"08/14/2019 - 10:32","pressure","1174.49"
"08/14/2019 - 10:32","depth","1.65"
"08/14/2019 - 10:32","base_temp","22.8207"
"08/14/2019 - 10:32","batt","3.40635"
"08/14/2019 - 10:32","height","1.60217"
"08/14/2019 - 10:32","base_humid","84.7908"
"08/14/2019 - 10:47","base_pressure","1010.24"
"08/14/2019 - 10:47","base_altitutde","25.1227"
"08/14/2019 - 10:47","temp","24.10"
"08/14/2019 - 10:47","pressure","1173.26"
"08/14/2019 - 10:47","depth","1.64"
"08/14/2019 - 10:47","base_temp","22.9527"
"08/14/2019 - 10:47","batt","3.46758"
"08/14/2019 - 10:47","height","1.58739"
"08/14/2019 - 10:47","base_humid","84.9762"
"08/14/2019 - 11:02","base_pressure","1010.34"
"08/14/2019 - 11:02","base_altitutde","23.9601"
"08/14/2019 - 11:02","temp","24.11"
"08/14/2019 - 11:02","pressure","1174.62"
"08/14/2019 - 11:02","depth","1.65"
"08/14/2019 - 11:02","base_temp","22.9223"
"08/14/2019 - 11:02","batt","3.48369"
"08/14/2019 - 11:02","height","1.59974"
"08/14/2019 - 11:02","base_humid","83.8641"
"08/14/2019 - 11:17","base_pressure","1010.32"
"08/14/2019 - 11:17","base_altitutde","24.2772"
"08/14/2019 - 11:17","temp","24.11"
"08/14/2019 - 11:17","pressure","1174.30"
"08/14/2019 - 11:17","depth","1.65"
"08/14/2019 - 11:17","base_temp","23.0594"
"08/14/2019 - 11:17","batt","3.43857"
"08/14/2019 - 11:17","height","1.59676"
"08/14/2019 - 11:17","base_humid","82.9992"
"08/14/2019 - 11:32","base_pressure","1010.36"
"08/14/2019 - 11:32","base_altitutde","24.552"
"08/14/2019 - 11:32","temp","24.12"
"08/14/2019 - 11:32","pressure","1176.38"
"08/14/2019 - 11:32","depth","1.67"
"08/14/2019 - 11:32","base_temp","23.1662"
"08/14/2019 - 11:32","batt","3.4708"
"08/14/2019 - 11:32","height","1.61664"
"08/14/2019 - 11:32","base_humid","82.9001"
"08/14/2019 - 11:47","base_pressure","1010.25"
"08/14/2019 - 11:47","base_altitutde","24.7"
"08/14/2019 - 11:47","temp","24.11"
"08/14/2019 - 11:47","pressure","1178.60"
"08/14/2019 - 11:47","depth","1.69"
"08/14/2019 - 11:47","base_temp","23.2678"
"08/14/2019 - 11:47","batt","3.47402"
"08/14/2019 - 11:47","height","1.6393"
"08/14/2019 - 11:47","base_humid","82.1894"
"08/14/2019 - 12:02","base_pressure","1010.5"
"08/14/2019 - 12:02","base_altitutde","23.1358"
"08/14/2019 - 12:02","temp","24.12"
"08/14/2019 - 12:02","pressure","1184.10"
"08/14/2019 - 12:02","depth","1.75"
"08/14/2019 - 12:02","base_temp","23.5625"
"08/14/2019 - 12:02","batt","3.46758"
"08/14/2019 - 12:02","height","1.69048"
"08/14/2019 - 12:02","base_humid","82.0385"
"08/14/2019 - 12:17","base_pressure","1010.59"
"08/14/2019 - 12:17","base_altitutde","22.1211"
"08/14/2019 - 12:17","temp","24.09"
"08/14/2019 - 12:17","pressure","1185.42"
"08/14/2019 - 12:17","depth","1.76"
"08/14/2019 - 12:17","base_temp","23.5523"
"08/14/2019 - 12:17","batt","3.4708"
"08/14/2019 - 12:17","height","1.7024"
"08/14/2019 - 12:17","base_humid","81.5209"
"08/14/2019 - 12:32","base_pressure","1010.51"
"08/14/2019 - 12:32","base_altitutde","22.3642"
"08/14/2019 - 12:32","temp","24.09"
"08/14/2019 - 12:32","pressure","1185.02"
"08/14/2019 - 12:32","depth","1.76"
"08/14/2019 - 12:32","base_temp","23.6184"
"08/14/2019 - 12:32","batt","3.49014"
"08/14/2019 - 12:32","height","1.69927"
"08/14/2019 - 12:32","base_humid","81.608"
"08/14/2019 - 12:47","base_pressure","1010.64"
"08/14/2019 - 12:47","base_altitutde","21.7618"
"08/14/2019 - 12:47","temp","24.02"
"08/14/2019 - 12:47","pressure","1185.59"
"08/14/2019 - 12:47","depth","1.77"
"08/14/2019 - 12:47","base_temp","23.6285"
"08/14/2019 - 12:47","batt","3.50625"
"08/14/2019 - 12:47","height","1.70357"
"08/14/2019 - 12:47","base_humid","80.8329"
"08/14/2019 - 13:02","base_pressure","1010.71"
"08/14/2019 - 13:02","base_altitutde","21.191"
"08/14/2019 - 13:02","temp","24.03"
"08/14/2019 - 13:02","pressure","1185.43"
"08/14/2019 - 13:02","depth","1.76"
"08/14/2019 - 13:02","base_temp","23.6691"
"08/14/2019 - 13:02","batt","3.4418"
"08/14/2019 - 13:02","height","1.70139"
"08/14/2019 - 13:02","base_humid","80.6784"
"08/14/2019 - 13:17","base_pressure","1010.76"
"08/14/2019 - 13:17","base_altitutde","20.6097"
"08/14/2019 - 13:17","temp","24.04"
"08/14/2019 - 13:17","pressure","1179.71"
"08/14/2019 - 13:17","depth","1.71"
"08/14/2019 - 13:17","base_temp","23.6539"
"08/14/2019 - 13:17","batt","3.44502"
"08/14/2019 - 13:17","height","1.64518"
"08/14/2019 - 13:17","base_humid","80.3299"
"08/14/2019 - 13:33","base_pressure","1010.87"
"08/14/2019 - 13:33","base_altitutde","19.352"
"08/14/2019 - 13:33","temp","24.11"
"08/14/2019 - 13:33","pressure","1181.53"
"08/14/2019 - 13:33","depth","1.72"
"08/14/2019 - 13:33","base_temp","23.6387"
"08/14/2019 - 13:33","batt","3.49658"
"08/14/2019 - 13:33","height","1.66178"
"08/14/2019 - 13:33","base_humid","80.2309"
"08/14/2019 - 13:48","base_pressure","1010.95"
"08/14/2019 - 13:48","base_altitutde","19.0984"
"08/14/2019 - 13:48","temp","24.14"
"08/14/2019 - 13:48","pressure","1177.88"
"08/14/2019 - 13:48","depth","1.69"
"08/14/2019 - 13:48","base_temp","23.598"
"08/14/2019 - 13:48","batt","3.44502"
"08/14/2019 - 13:48","height","1.62553"
"08/14/2019 - 13:48","base_humid","80.8741"
"08/14/2019 - 14:03","base_pressure","1010.93"
"08/14/2019 - 14:03","base_altitutde","19.278"
"08/14/2019 - 14:03","temp","24.15"
"08/14/2019 - 14:03","pressure","1175.45"
"08/14/2019 - 14:03","depth","1.66"
"08/14/2019 - 14:03","base_temp","23.659"
"08/14/2019 - 14:03","batt","3.44502"
"08/14/2019 - 14:03","height","1.60205"
"08/14/2019 - 14:03","base_humid","80.5975"
"08/14/2019 - 14:18","base_pressure","1010.93"
"08/14/2019 - 14:18","base_altitutde","18.7813"
"08/14/2019 - 14:18","temp","24.13"
"08/14/2019 - 14:18","pressure","1174.40"
"08/14/2019 - 14:18","depth","1.65"
"08/14/2019 - 14:18","base_temp","23.6844"
"08/14/2019 - 14:18","batt","3.45469"
"08/14/2019 - 14:18","height","1.59178"
"08/14/2019 - 14:18","base_humid","79.8917"
"08/14/2019 - 14:33","base_pressure","1010.9"
"08/14/2019 - 14:33","base_altitutde","19.5528"
"08/14/2019 - 14:33","temp","24.13"
"08/14/2019 - 14:33","pressure","1174.19"
"08/14/2019 - 14:33","depth","1.65"
"08/14/2019 - 14:33","base_temp","23.6793"
"08/14/2019 - 14:33","batt","3.45146"
"08/14/2019 - 14:33","height","1.59003"
"08/14/2019 - 14:33","base_humid","80.2354"
"08/14/2019 - 14:48","base_pressure","1011.15"
"08/14/2019 - 14:48","base_altitutde","17.5447"
"08/14/2019 - 14:48","temp","24.15"
"08/14/2019 - 14:48","pressure","1174.19"
"08/14/2019 - 14:48","depth","1.65"
"08/14/2019 - 14:48","base_temp","23.7047"
"08/14/2019 - 14:48","batt","3.44824"
"08/14/2019 - 14:48","height","1.5876"
"08/14/2019 - 14:48","base_humid","80.7437"
"08/14/2019 - 15:03","base_pressure","1011.1"
"08/14/2019 - 15:03","base_altitutde","17.8723"
"08/14/2019 - 15:03","temp","24.17"
"08/14/2019 - 15:03","pressure","1169.63"
"08/14/2019 - 15:03","depth","1.60"
"08/14/2019 - 15:03","base_temp","23.8318"
"08/14/2019 - 15:03","batt","3.41279"
"08/14/2019 - 15:03","height","1.54366"
"08/14/2019 - 15:03","base_humid","80.6808"
"08/14/2019 - 15:18","base_pressure","1011.06"
"08/14/2019 - 15:18","base_altitutde","18.274"
"08/14/2019 - 15:18","temp","24.19"
"08/14/2019 - 15:18","pressure","1168.15"
"08/14/2019 - 15:18","depth","1.59"
"08/14/2019 - 15:18","base_temp","23.7504"
"08/14/2019 - 15:18","batt","3.44824"
"08/14/2019 - 15:18","height","1.52966"
"08/14/2019 - 15:18","base_humid","79.3687"
"08/14/2019 - 15:33","base_pressure","1011.17"
"08/14/2019 - 15:33","base_altitutde","17.5447"
"08/14/2019 - 15:33","temp","24.22"
"08/14/2019 - 15:33","pressure","1165.69"
"08/14/2019 - 15:33","depth","1.56"
"08/14/2019 - 15:33","base_temp","23.7301"
"08/14/2019 - 15:33","batt","3.4418"
"08/14/2019 - 15:33","height","1.50469"
"08/14/2019 - 15:33","base_humid","79.2173"
"08/14/2019 - 15:48","base_pressure","1011.35"
"08/14/2019 - 15:48","base_altitutde","15.8959"
"08/14/2019 - 15:48","temp","24.24"
"08/14/2019 - 15:48","pressure","1163.93"
"08/14/2019 - 15:48","depth","1.54"
"08/14/2019 - 15:48","base_temp","23.7301"
"08/14/2019 - 15:48","batt","3.41601"
"08/14/2019 - 15:48","height","1.48581"
"08/14/2019 - 15:48","base_humid","79.3633"
"08/14/2019 - 16:03","base_pressure","1011.36"
"08/14/2019 - 16:03","base_altitutde","15.9171"
"08/14/2019 - 16:03","temp","24.26"
"08/14/2019 - 16:03","pressure","1160.19"
"08/14/2019 - 16:03","depth","1.51"
"08/14/2019 - 16:03","base_temp","23.6895"
"08/14/2019 - 16:03","batt","3.42891"
"08/14/2019 - 16:03","height","1.44924"
"08/14/2019 - 16:03","base_humid","79.2216"
"08/14/2019 - 16:18","base_pressure","1011.43"
"08/14/2019 - 16:18","base_altitutde","15.3252"
"08/14/2019 - 16:18","temp","24.28"
"08/14/2019 - 16:18","pressure","1158.92"
"08/14/2019 - 16:18","depth","1.49"
"08/14/2019 - 16:18","base_temp","23.6387"
"08/14/2019 - 16:18","batt","3.43857"
"08/14/2019 - 16:18","height","1.43621"
"08/14/2019 - 16:18","base_humid","78.8614"
"08/14/2019 - 16:33","base_pressure","1011.61"
"08/14/2019 - 16:33","base_altitutde","13.465"
"08/14/2019 - 16:33","temp","24.26"
"08/14/2019 - 16:33","pressure","1155.90"
"08/14/2019 - 16:33","depth","1.46"
"08/14/2019 - 16:33","base_temp","23.593"
"08/14/2019 - 16:33","batt","3.50947"
"08/14/2019 - 16:33","height","1.40509"
"08/14/2019 - 16:33","base_humid","78.5227"
"08/14/2019 - 16:49","base_pressure","1011.58"
"08/14/2019 - 16:49","base_altitutde","13.7927"
"08/14/2019 - 16:49","temp","24.27"
"08/14/2019 - 16:49","pressure","1155.38"
"08/14/2019 - 16:49","depth","1.46"
"08/14/2019 - 16:49","base_temp","23.5066"
"08/14/2019 - 16:49","batt","3.41601"
"08/14/2019 - 16:49","height","1.4003"
"08/14/2019 - 16:49","base_humid","78.8896"
"08/14/2019 - 17:04","base_pressure","1011.87"
"08/14/2019 - 17:04","base_altitutde","11.3618"
"08/14/2019 - 17:04","temp","24.23"
"08/14/2019 - 17:04","pressure","1154.58"
"08/14/2019 - 17:04","depth","1.45"
"08/14/2019 - 17:04","base_temp","23.4506"
"08/14/2019 - 17:04","batt","3.41601"
"08/14/2019 - 17:04","height","1.38964"
"08/14/2019 - 17:04","base_humid","78.7396"
"08/14/2019 - 17:19","base_pressure","1011.85"
"08/14/2019 - 17:19","base_altitutde","11.6894"
"08/14/2019 - 17:19","temp","24.28"
"08/14/2019 - 17:19","pressure","1151.11"
"08/14/2019 - 17:19","depth","1.41"
"08/14/2019 - 17:19","base_temp","23.4252"
"08/14/2019 - 17:19","batt","3.43213"
"08/14/2019 - 17:19","height","1.35605"
"08/14/2019 - 17:19","base_humid","79.1409"
"08/14/2019 - 17:34","base_pressure","1011.67"
"08/14/2019 - 17:34","base_altitutde","12.9577"
"08/14/2019 - 17:34","temp","24.32"
"08/14/2019 - 17:34","pressure","1152.27"
"08/14/2019 - 17:34","depth","1.42"
"08/14/2019 - 17:34","base_temp","23.3896"
"08/14/2019 - 17:34","batt","3.49658"
"08/14/2019 - 17:34","height","1.36909"
"08/14/2019 - 17:34","base_humid","78.6261"
"08/14/2019 - 17:49","base_pressure","1011.95"
"08/14/2019 - 17:49","base_altitutde","10.9602"
"08/14/2019 - 17:49","temp","24.35"
"08/14/2019 - 17:49","pressure","1153.86"
"08/14/2019 - 17:49","depth","1.44"
"08/14/2019 - 17:49","base_temp","23.2627"
"08/14/2019 - 17:49","batt","3.41924"
"08/14/2019 - 17:49","height","1.38191"
"08/14/2019 - 17:49","base_humid","78.3632"
"08/14/2019 - 18:04","base_pressure","1011.96"
"08/14/2019 - 18:04","base_altitutde","11.013"
"08/14/2019 - 18:04","temp","24.29"
"08/14/2019 - 18:04","pressure","1152.23"
"08/14/2019 - 18:04","depth","1.42"
"08/14/2019 - 18:04","base_temp","23.1408"
"08/14/2019 - 18:04","batt","3.41279"
"08/14/2019 - 18:04","height","1.36593"
"08/14/2019 - 18:04","base_humid","77.6548"
"08/14/2019 - 18:19","base_pressure","1011.95"
"08/14/2019 - 18:19","base_altitutde","10.9813"
"08/14/2019 - 18:19","temp","24.23"
"08/14/2019 - 18:19","pressure","1155.94"
"08/14/2019 - 18:19","depth","1.46"
"08/14/2019 - 18:19","base_temp","23.0086"
"08/14/2019 - 18:19","batt","3.45791"
"08/14/2019 - 18:19","height","1.40217"
"08/14/2019 - 18:19","base_humid","77.6166"
"08/14/2019 - 18:34","base_pressure","1012.09"
"08/14/2019 - 18:34","base_altitutde","9.82926"
"08/14/2019 - 18:34","temp","24.23"
"08/14/2019 - 18:34","pressure","1158.21"
"08/14/2019 - 18:34","depth","1.49"
"08/14/2019 - 18:34","base_temp","22.8613"
"08/14/2019 - 18:34","batt","3.45469"
"08/14/2019 - 18:34","height","1.42288"
"08/14/2019 - 18:34","base_humid","77.7445"
"08/14/2019 - 18:49","base_pressure","1012.37"
"08/14/2019 - 18:49","base_altitutde","7.53576"
"08/14/2019 - 18:49","temp","24.21"
"08/14/2019 - 18:49","pressure","1162.22"
"08/14/2019 - 18:49","depth","1.53"
"08/14/2019 - 18:49","base_temp","22.7953"
"08/14/2019 - 18:49","batt","3.4418"
"08/14/2019 - 18:49","height","1.45919"
"08/14/2019 - 18:49","base_humid","78.2181"
"08/14/2019 - 19:04","base_pressure","1012.44"
"08/14/2019 - 19:04","base_altitutde","6.63739"
"08/14/2019 - 19:04","temp","24.19"
"08/14/2019 - 19:04","pressure","1167.89"
"08/14/2019 - 19:04","depth","1.58"
"08/14/2019 - 19:04","base_temp","22.8613"
"08/14/2019 - 19:04","batt","3.38701"
"08/14/2019 - 19:04","height","1.5137"
"08/14/2019 - 19:04","base_humid","78.8557"
"08/14/2019 - 19:19","base_pressure","1012.61"
"08/14/2019 - 19:19","base_altitutde","5.59105"
"08/14/2019 - 19:19","temp","24.16"
"08/14/2019 - 19:19","pressure","1170.89"
"08/14/2019 - 19:19","depth","1.61"
"08/14/2019 - 19:19","base_temp","22.8055"
"08/14/2019 - 19:19","batt","3.46758"
"08/14/2019 - 19:19","height","1.54132"
"08/14/2019 - 19:19","base_humid","78.8656"
"08/14/2019 - 19:34","base_pressure","1012.58"
"08/14/2019 - 19:34","base_altitutde","5.56991"
"08/14/2019 - 19:34","temp","24.15"
"08/14/2019 - 19:34","pressure","1180.55"
"08/14/2019 - 19:34","depth","1.71"
"08/14/2019 - 19:34","base_temp","22.9578"
"08/14/2019 - 19:34","batt","3.38701"
"08/14/2019 - 19:34","height","1.63567"
"08/14/2019 - 19:34","base_humid","78.9134"
"08/14/2019 - 19:49","base_pressure","1012.54"
"08/14/2019 - 19:49","base_altitutde","6.2252"
"08/14/2019 - 19:49","temp","24.17"
"08/14/2019 - 19:49","pressure","1180.68"
"08/14/2019 - 19:49","depth","1.72"
"08/14/2019 - 19:49","base_temp","22.9172"
"08/14/2019 - 19:49","batt","3.44502"
"08/14/2019 - 19:49","height","1.63729"
"08/14/2019 - 19:49","base_humid","77.8635"
"08/14/2019 - 20:05","base_pressure","1012.49"
"08/14/2019 - 20:05","base_altitutde","6.26747"
"08/14/2019 - 20:05","temp","24.11"
"08/14/2019 - 20:05","pressure","1188.09"
"08/14/2019 - 20:05","depth","1.79"
"08/14/2019 - 20:05","base_temp","22.8969"
"08/14/2019 - 20:05","batt","3.41601"
"08/14/2019 - 20:05","height","1.70991"
"08/14/2019 - 20:05","base_humid","78.3491"
"08/14/2019 - 20:20","base_pressure","1012.68"
"08/14/2019 - 20:20","base_altitutde","4.7878"
"08/14/2019 - 20:20","temp","24.09"
"08/14/2019 - 20:20","pressure","1191.52"
"08/14/2019 - 20:20","depth","1.83"
"08/14/2019 - 20:20","base_temp","23.0086"
"08/14/2019 - 20:20","batt","3.43213"
"08/14/2019 - 20:20","height","1.74147"
"08/14/2019 - 20:20","base_humid","78.7015"
"08/14/2019 - 20:35","base_pressure","1013.05"
"08/14/2019 - 20:35","base_altitutde","1.87073"
"08/14/2019 - 20:35","temp","24.05"
"08/14/2019 - 20:35","pressure","1195.03"
"08/14/2019 - 20:35","depth","1.86"
"08/14/2019 - 20:35","base_temp","23.1256"
"08/14/2019 - 20:35","batt","3.43535"
"08/14/2019 - 20:35","height","1.77209"
"08/14/2019 - 20:35","base_humid","78.6296"
"08/14/2019 - 20:50","base_pressure","1013.17"
"08/14/2019 - 20:50","base_altitutde","0.549593"
"08/14/2019 - 20:50","temp","23.97"
"08/14/2019 - 20:50","pressure","1196.12"
"08/14/2019 - 20:50","depth","1.87"
"08/14/2019 - 20:50","base_temp","23.1916"
"08/14/2019 - 20:50","batt","3.43857"
"08/14/2019 - 20:50","height","1.78147"
"08/14/2019 - 20:50","base_humid","78.3134"
"08/14/2019 - 21:05","base_pressure","1013.23"
"08/14/2019 - 21:05","base_altitutde","0.179675"
"08/14/2019 - 21:05","temp","23.97"
"08/14/2019 - 21:05","pressure","1199.20"
"08/14/2019 - 21:05","depth","1.90"
"08/14/2019 - 21:05","base_temp","23.2221"
"08/14/2019 - 21:05","batt","3.4708"
"08/14/2019 - 21:05","height","1.81093"
"08/14/2019 - 21:05","base_humid","78.2599"
"08/14/2019 - 21:20","base_pressure","1013.28"
"08/14/2019 - 21:20","base_altitutde","-0.422764"
"08/14/2019 - 21:20","temp","23.96"
"08/14/2019 - 21:20","pressure","1201.33"
"08/14/2019 - 21:20","depth","1.93"
"08/14/2019 - 21:20","base_temp","23.2576"
"08/14/2019 - 21:20","batt","3.39023"
"08/14/2019 - 21:20","height","1.83117"
"08/14/2019 - 21:20","base_humid","78.1241"
"08/14/2019 - 21:35","base_pressure","1013.45"
"08/14/2019 - 21:35","base_altitutde","-1.52195"
"08/14/2019 - 21:35","temp","23.83"
"08/14/2019 - 21:35","pressure","1202.33"
"08/14/2019 - 21:35","depth","1.94"
"08/14/2019 - 21:35","base_temp","23.2729"
"08/14/2019 - 21:35","batt","3.42568"
"08/14/2019 - 21:35","height","1.83927"
"08/14/2019 - 21:35","base_humid","77.8802"
"08/14/2019 - 21:50","base_pressure","1013.5"
"08/14/2019 - 21:50","base_altitutde","-1.69106"
"08/14/2019 - 21:50","temp","23.81"
"08/14/2019 - 21:50","pressure","1201.44"
"08/14/2019 - 21:50","depth","1.93"
"08/14/2019 - 21:50","base_temp","23.3541"
"08/14/2019 - 21:50","batt","3.43213"
"08/14/2019 - 21:50","height","1.83005"
"08/14/2019 - 21:50","base_humid","77.9048"
"08/14/2019 - 22:05","base_pressure","1013.46"
"08/14/2019 - 22:05","base_altitutde","-1.64878"
"08/14/2019 - 22:05","temp","23.80"
"08/14/2019 - 22:05","pressure","1204.76"
"08/14/2019 - 22:05","depth","1.96"
"08/14/2019 - 22:05","base_temp","23.3744"
"08/14/2019 - 22:05","batt","3.47725"
"08/14/2019 - 22:05","height","1.86286"
"08/14/2019 - 22:05","base_humid","77.7931"
"08/14/2019 - 22:20","base_pressure","1013.81"
"08/14/2019 - 22:20","base_altitutde","-4.81951"
"08/14/2019 - 22:20","temp","23.79"
"08/14/2019 - 22:20","pressure","1205.30"
"08/14/2019 - 22:20","depth","1.97"
"08/14/2019 - 22:20","base_temp","23.415"
"08/14/2019 - 22:20","batt","3.38057"
"08/14/2019 - 22:20","height","1.86461"
"08/14/2019 - 22:20","base_humid","77.5992"
"08/14/2019 - 22:35","base_pressure","1013.85"
"08/14/2019 - 22:35","base_altitutde","-4.81951"
"08/14/2019 - 22:35","temp","23.77"
"08/14/2019 - 22:35","pressure","1204.02"
"08/14/2019 - 22:35","depth","1.95"
"08/14/2019 - 22:35","base_temp","23.2729"
"08/14/2019 - 22:35","batt","3.41924"
"08/14/2019 - 22:35","height","1.85182"
"08/14/2019 - 22:35","base_humid","76.5438"
"08/14/2019 - 22:50","base_pressure","1013.75"
"08/14/2019 - 22:50","base_altitutde","-4.14309"
"08/14/2019 - 22:50","temp","23.75"
"08/14/2019 - 22:50","pressure","1206.16"
"08/14/2019 - 22:50","depth","1.98"
"08/14/2019 - 22:50","base_temp","23.2068"
"08/14/2019 - 22:50","batt","3.40957"
"08/14/2019 - 22:50","height","1.87361"
"08/14/2019 - 22:50","base_humid","76.53"
"08/14/2019 - 23:06","base_pressure","1013.97"
"08/14/2019 - 23:06","base_altitutde","-6.2569"
"08/14/2019 - 23:06","temp","23.73"
"08/14/2019 - 23:06","pressure","1207.04"
"08/14/2019 - 23:06","depth","1.98"
"08/14/2019 - 23:06","base_temp","23.1967"
"08/14/2019 - 23:06","batt","3.45146"
"08/14/2019 - 23:06","height","1.88002"
"08/14/2019 - 23:06","base_humid","77.6785"
"08/14/2019 - 23:21","base_pressure","1014.03"
"08/14/2019 - 23:21","base_altitutde","-6.29918"
"08/14/2019 - 23:21","temp","23.71"
"08/14/2019 - 23:21","pressure","1207.09"
"08/14/2019 - 23:21","depth","1.99"
"08/14/2019 - 23:21","base_temp","23.3236"
"08/14/2019 - 23:21","batt","3.40957"
"08/14/2019 - 23:21","height","1.87999"
"08/14/2019 - 23:21","base_humid","77.168"
"08/14/2019 - 23:36","base_pressure","1013.91"
"08/14/2019 - 23:36","base_altitutde","-5.55934"
"08/14/2019 - 23:36","temp","23.73"
"08/14/2019 - 23:36","pressure","1204.69"
"08/14/2019 - 23:36","depth","1.96"
"08/14/2019 - 23:36","base_temp","23.3795"
"08/14/2019 - 23:36","batt","3.4418"
"08/14/2019 - 23:36","height","1.85773"
"08/14/2019 - 23:36","base_humid","77.2242"
"08/14/2019 - 23:51","base_pressure","1014.02"
"08/14/2019 - 23:51","base_altitutde","-6.48942"
"08/14/2019 - 23:51","temp","23.72"
"08/14/2019 - 23:51","pressure","1209.52"
"08/14/2019 - 23:51","depth","2.01"
"08/14/2019 - 23:51","base_temp","23.4353"
"08/14/2019 - 23:51","batt","3.39668"
"08/14/2019 - 23:51","height","1.90371"
"08/14/2019 - 23:51","base_humid","76.8539"
"08/15/2019 - 00:06","base_pressure","1014.06"
"08/15/2019 - 00:06","base_altitutde","-6.82763"
"08/15/2019 - 00:06","temp","23.72"
"08/15/2019 - 00:06","pressure","1212.19"
"08/15/2019 - 00:06","depth","2.04"
"08/15/2019 - 00:06","base_temp","23.4049"
"08/15/2019 - 00:06","batt","3.45146"
"08/15/2019 - 00:06","height","1.92933"
"08/15/2019 - 00:06","base_humid","76.2289"
"08/15/2019 - 00:21","base_pressure","1014.09"
"08/15/2019 - 00:21","base_altitutde","-6.89105"
"08/15/2019 - 00:21","temp","23.71"
"08/15/2019 - 00:21","pressure","1216.13"
"08/15/2019 - 00:21","depth","2.08"
"08/15/2019 - 00:21","base_temp","23.4711"
"08/15/2019 - 00:21","batt","3.45146"
"08/15/2019 - 00:21","height","1.96743"
"08/15/2019 - 00:21","base_humid","76.3584"
"08/15/2019 - 00:36","base_pressure","1014.18"
"08/15/2019 - 00:36","base_altitutde","-7.86341"
"08/15/2019 - 00:36","temp","23.70"
"08/15/2019 - 00:36","pressure","1213.75"
"08/15/2019 - 00:36","depth","2.05"
"08/15/2019 - 00:36","base_temp","23.5371"
"08/15/2019 - 00:36","batt","3.42568"
"08/15/2019 - 00:36","height","1.94338"
"08/15/2019 - 00:36","base_humid","76.301"
"08/15/2019 - 00:51","base_pressure","1014.07"
"08/15/2019 - 00:51","base_altitutde","-6.78536"
"08/15/2019 - 00:51","temp","23.69"
"08/15/2019 - 00:51","pressure","1211.90"
"08/15/2019 - 00:51","depth","2.03"
"08/15/2019 - 00:51","base_temp","23.5777"
"08/15/2019 - 00:51","batt","3.43535"
"08/15/2019 - 00:51","height","1.92637"
"08/15/2019 - 00:51","base_humid","76.5252"
"08/15/2019 - 01:06","base_pressure","1014.09"
"08/15/2019 - 01:06","base_altitutde","-7.03902"
"08/15/2019 - 01:06","temp","23.66"
"08/15/2019 - 01:06","pressure","1211.38"
"08/15/2019 - 01:06","depth","2.03"
"08/15/2019 - 01:06","base_temp","23.5473"
"08/15/2019 - 01:06","batt","3.45791"
"08/15/2019 - 01:06","height","1.92111"
"08/15/2019 - 01:06","base_humid","75.4218"
"08/15/2019 - 01:21","base_pressure","1014.28"
"08/15/2019 - 01:21","base_altitutde","-8.89918"
"08/15/2019 - 01:21","temp","23.64"
"08/15/2019 - 01:21","pressure","1207.80"
"08/15/2019 - 01:21","depth","1.99"
"08/15/2019 - 01:21","base_temp","23.5066"
"08/15/2019 - 01:21","batt","3.40635"
"08/15/2019 - 01:21","height","1.88439"
"08/15/2019 - 01:21","base_humid","75.6046"
"08/15/2019 - 01:36","base_pressure","1014.27"
"08/15/2019 - 01:36","base_altitutde","-8.43414"
"08/15/2019 - 01:36","temp","23.64"
"08/15/2019 - 01:36","pressure","1201.76"
"08/15/2019 - 01:36","depth","1.93"
"08/15/2019 - 01:36","base_temp","23.4965"
"08/15/2019 - 01:36","batt","3.40635"
"08/15/2019 - 01:36","height","1.82566"
"08/15/2019 - 01:36","base_humid","74.9727"
"08/15/2019 - 01:51","base_pressure","1014.17"
"08/15/2019 - 01:51","base_altitutde","-7.71544"
"08/15/2019 - 01:51","temp","23.66"
"08/15/2019 - 01:51","pressure","1198.17"
"08/15/2019 - 01:51","depth","1.89"
"08/15/2019 - 01:51","base_temp","23.4049"
"08/15/2019 - 01:51","batt","3.40635"
"08/15/2019 - 01:51","height","1.79172"
"08/15/2019 - 01:51","base_humid","74.4866"
"08/15/2019 - 02:07","base_pressure","1014.13"
"08/15/2019 - 02:07","base_altitutde","-7.14471"
"08/15/2019 - 02:07","temp","23.67"
"08/15/2019 - 02:07","pressure","1194.72"
"08/15/2019 - 02:07","depth","1.86"
"08/15/2019 - 02:07","base_temp","23.3135"
"08/15/2019 - 02:07","batt","3.40635"
"08/15/2019 - 02:07","height","1.75855"
"08/15/2019 - 02:07","base_humid","74.5942"
"08/15/2019 - 02:22","base_pressure","1014.41"
"08/15/2019 - 02:22","base_altitutde","-9.53332"
"08/15/2019 - 02:22","temp","23.61"
"08/15/2019 - 02:22","pressure","1193.82"
"08/15/2019 - 02:22","depth","1.85"
"08/15/2019 - 02:22","base_temp","23.283"
"08/15/2019 - 02:22","batt","3.44502"
"08/15/2019 - 02:22","height","1.74704"
"08/15/2019 - 02:22","base_humid","75.214"
"08/15/2019 - 02:37","base_pressure","1014.54"
"08/15/2019 - 02:37","base_altitutde","-10.3366"
"08/15/2019 - 02:37","temp","23.57"
"08/15/2019 - 02:37","pressure","1191.32"
"08/15/2019 - 02:37","depth","1.82"
"08/15/2019 - 02:37","base_temp","23.2525"
"08/15/2019 - 02:37","batt","3.44502"
"08/15/2019 - 02:37","height","1.72142"
"08/15/2019 - 02:37","base_humid","74.7139"
"08/15/2019 - 02:52","base_pressure","1014.37"
"08/15/2019 - 02:52","base_altitutde","-9.32194"
"08/15/2019 - 02:52","temp","23.56"
"08/15/2019 - 02:52","pressure","1188.38"
"08/15/2019 - 02:52","depth","1.79"
"08/15/2019 - 02:52","base_temp","23.2576"
"08/15/2019 - 02:52","batt","3.42246"
"08/15/2019 - 02:52","height","1.69447"
"08/15/2019 - 02:52","base_humid","74.8938"
"08/15/2019 - 03:07","base_pressure","1014.63"
"08/15/2019 - 03:07","base_altitutde","-11.2455"
"08/15/2019 - 03:07","temp","23.63"
"08/15/2019 - 03:07","pressure","1188.39"
"08/15/2019 - 03:07","depth","1.79"
"08/15/2019 - 03:07","base_temp","23.283"
"08/15/2019 - 03:07","batt","3.40312"
"08/15/2019 - 03:07","height","1.69199"
"08/15/2019 - 03:07","base_humid","75.1259"
"08/15/2019 - 03:22","base_pressure","1014.7"
"08/15/2019 - 03:22","base_altitutde","-11.8374"
"08/15/2019 - 03:22","temp","23.73"
"08/15/2019 - 03:22","pressure","1184.07"
"08/15/2019 - 03:22","depth","1.75"
"08/15/2019 - 03:22","base_temp","23.283"
"08/15/2019 - 03:22","batt","3.45791"
"08/15/2019 - 03:22","height","1.64922"
"08/15/2019 - 03:22","base_humid","74.8154"
"08/15/2019 - 03:37","base_pressure","1014.63"
"08/15/2019 - 03:37","base_altitutde","-11.478"
"08/15/2019 - 03:37","temp","23.76"
"08/15/2019 - 03:37","pressure","1180.95"
"08/15/2019 - 03:37","depth","1.72"
"08/15/2019 - 03:37","base_temp","23.2627"
"08/15/2019 - 03:37","batt","3.41279"
"08/15/2019 - 03:37","height","1.6196"
"08/15/2019 - 03:37","base_humid","75.2017"
"08/15/2019 - 03:52","base_pressure","1014.65"
"08/15/2019 - 03:52","base_altitutde","-11.6683"
"08/15/2019 - 03:52","temp","23.80"
"08/15/2019 - 03:52","pressure","1176.04"
"08/15/2019 - 03:52","depth","1.67"
"08/15/2019 - 03:52","base_temp","23.2322"
"08/15/2019 - 03:52","batt","3.41279"
"08/15/2019 - 03:52","height","1.57157"
"08/15/2019 - 03:52","base_humid","74.9899"
"08/15/2019 - 04:07","base_pressure","1014.54"
"08/15/2019 - 04:07","base_altitutde","-10.8862"
"08/15/2019 - 04:07","temp","23.79"
"08/15/2019 - 04:07","pressure","1171.94"
"08/15/2019 - 04:07","depth","1.63"
"08/15/2019 - 04:07","base_temp","23.1865"
"08/15/2019 - 04:07","batt","3.3999"
"08/15/2019 - 04:07","height","1.53268"
"08/15/2019 - 04:07","base_humid","75.0134"
"08/15/2019 - 04:22","base_pressure","1014.71"
"08/15/2019 - 04:22","base_altitutde","-12.1122"
"08/15/2019 - 04:22","temp","23.75"
"08/15/2019 - 04:22","pressure","1167.45"
"08/15/2019 - 04:22","depth","1.58"
"08/15/2019 - 04:22","base_temp","23.1408"
"08/15/2019 - 04:22","batt","3.3999"
"08/15/2019 - 04:22","height","1.4873"
"08/15/2019 - 04:22","base_humid","75.3193"
"08/15/2019 - 04:37","base_pressure","1014.81"
"08/15/2019 - 04:37","base_altitutde","-13.0634"
"08/15/2019 - 04:37","temp","23.73"
"08/15/2019 - 04:37","pressure","1160.91"
"08/15/2019 - 04:37","depth","1.51"
"08/15/2019 - 04:37","base_temp","23.1459"
"08/15/2019 - 04:37","batt","3.39023"
"08/15/2019 - 04:37","height","1.42265"
"08/15/2019 - 04:37","base_humid","75.5163"
"08/15/2019 - 04:52","base_pressure","1014.85"
"08/15/2019 - 04:52","base_altitutde","-13.2114"
"08/15/2019 - 04:52","temp","23.79"
"08/15/2019 - 04:52","pressure","1157.61"
"08/15/2019 - 04:52","depth","1.48"
"08/15/2019 - 04:52","base_temp","23.1256"
"08/15/2019 - 04:52","batt","3.40635"
"08/15/2019 - 04:52","height","1.39018"
"08/15/2019 - 04:52","base_humid","75.6246"
"08/15/2019 - 05:07","base_pressure","1015.01"
"08/15/2019 - 05:07","base_altitutde","-14.6276"
"08/15/2019 - 05:07","temp","23.79"
"08/15/2019 - 05:07","pressure","1155.01"
"08/15/2019 - 05:07","depth","1.45"
"08/15/2019 - 05:07","base_temp","23.1408"
"08/15/2019 - 05:07","batt","3.40635"
"08/15/2019 - 05:07","height","1.36325"
"08/15/2019 - 05:07","base_humid","75.744"
"08/15/2019 - 05:23","base_pressure","1015.05"
"08/15/2019 - 05:23","base_altitutde","-14.9236"
"08/15/2019 - 05:23","temp","23.75"
"08/15/2019 - 05:23","pressure","1150.69"
"08/15/2019 - 05:23","depth","1.41"
"08/15/2019 - 05:23","base_temp","23.2576"
"08/15/2019 - 05:23","batt","3.39668"
"08/15/2019 - 05:23","height","1.32083"
"08/15/2019 - 05:23","base_humid","76.2096"
"08/15/2019 - 05:38","base_pressure","1015.08"
"08/15/2019 - 05:38","base_altitutde","-15.0504"
"08/15/2019 - 05:38","temp","23.74"
"08/15/2019 - 05:38","pressure","1148.14"
"08/15/2019 - 05:38","depth","1.38"
"08/15/2019 - 05:38","base_temp","23.2322"
"08/15/2019 - 05:38","batt","3.39668"
"08/15/2019 - 05:38","height","1.29567"
"08/15/2019 - 05:38","base_humid","75.5871"
"08/15/2019 - 05:53","base_pressure","1015.25"
"08/15/2019 - 05:53","base_altitutde","-16.678"
"08/15/2019 - 05:53","temp","23.66"
"08/15/2019 - 05:53","pressure","1147.95"
"08/15/2019 - 05:53","depth","1.38"
"08/15/2019 - 05:53","base_temp","23.1967"
"08/15/2019 - 05:53","batt","3.46435"
"08/15/2019 - 05:53","height","1.29214"
"08/15/2019 - 05:53","base_humid","76.2881"
"08/15/2019 - 06:08","base_pressure","1015.4"
"08/15/2019 - 06:08","base_altitutde","-17.8406"
"08/15/2019 - 06:08","temp","23.72"
"08/15/2019 - 06:08","pressure","1145.62"
"08/15/2019 - 06:08","depth","1.36"
"08/15/2019 - 06:08","base_temp","23.1713"
"08/15/2019 - 06:08","batt","3.38379"
"08/15/2019 - 06:08","height","1.26801"
"08/15/2019 - 06:08","base_humid","75.9752"
"08/15/2019 - 06:23","base_pressure","1015.31"
"08/15/2019 - 06:23","base_altitutde","-16.5935"
"08/15/2019 - 06:23","temp","23.71"
"08/15/2019 - 06:23","pressure","1145.28"
"08/15/2019 - 06:23","depth","1.35"
"08/15/2019 - 06:23","base_temp","23.1203"
"08/15/2019 - 06:23","batt","3.39346"
"08/15/2019 - 06:23","height","1.26563"
"08/15/2019 - 06:23","base_humid","76.3869"
"08/15/2019 - 06:38","base_pressure","1015.33"
"08/15/2019 - 06:38","base_altitutde","-17.0585"
"08/15/2019 - 06:38","temp","23.70"
"08/15/2019 - 06:38","pressure","1145.36"
"08/15/2019 - 06:38","depth","1.35"
"08/15/2019 - 06:38","base_temp","23.0949"
"08/15/2019 - 06:38","batt","3.43857"
"08/15/2019 - 06:38","height","1.26616"
"08/15/2019 - 06:38","base_humid","76.3509"
"08/15/2019 - 06:53","base_pressure","1015.65"
"08/15/2019 - 06:53","base_altitutde","-20.1447"
"08/15/2019 - 06:53","temp","23.73"
"08/15/2019 - 06:53","pressure","1146.34"
"08/15/2019 - 06:53","depth","1.36"
"08/15/2019 - 06:53","base_temp","22.9832"
"08/15/2019 - 06:53","batt","3.39346"
"08/15/2019 - 06:53","height","1.27259"
"08/15/2019 - 06:53","base_humid","76.1794"
"08/15/2019 - 07:08","base_pressure","1015.79"
"08/15/2019 - 07:08","base_altitutde","-20.9268"
"08/15/2019 - 07:08","temp","23.77"
"08/15/2019 - 07:08","pressure","1151.07"
"08/15/2019 - 07:08","depth","1.41"
"08/15/2019 - 07:08","base_temp","22.907"
"08/15/2019 - 07:08","batt","3.42891"
"08/15/2019 - 07:08","height","1.3173"
"08/15/2019 - 07:08","base_humid","76.5501"
"08/15/2019 - 07:23","base_pressure","1015.86"
"08/15/2019 - 07:23","base_altitutde","-22.1105"
"08/15/2019 - 07:23","temp","23.74"
"08/15/2019 - 07:23","pressure","1153.89"
"08/15/2019 - 07:23","depth","1.44"
"08/15/2019 - 07:23","base_temp","23.1051"
"08/15/2019 - 07:23","batt","3.46113"
"08/15/2019 - 07:23","height","1.3441"
"08/15/2019 - 07:23","base_humid","78.3291"
"08/15/2019 - 07:38","base_pressure","1016"
"08/15/2019 - 07:38","base_altitutde","-22.787"
"08/15/2019 - 07:38","temp","23.80"
"08/15/2019 - 07:38","pressure","1160.71"
"08/15/2019 - 07:38","depth","1.51"
"08/15/2019 - 07:38","base_temp","23.1611"
"08/15/2019 - 07:38","batt","3.42891"
"08/15/2019 - 07:38","height","1.40918"
"08/15/2019 - 07:38","base_humid","76.9907"
"08/15/2019 - 07:53","base_pressure","1016.08"
"08/15/2019 - 07:53","base_altitutde","-23.7593"
"08/15/2019 - 07:53","temp","23.85"
"08/15/2019 - 07:53","pressure","1166.26"
"08/15/2019 - 07:53","depth","1.57"
"08/15/2019 - 07:53","base_temp","23.1713"
"08/15/2019 - 07:53","batt","3.52559"
"08/15/2019 - 07:53","height","1.46236"
"08/15/2019 - 07:53","base_humid","77.0153"
"08/15/2019 - 08:08","base_pressure","1016.06"
"08/15/2019 - 08:08","base_altitutde","-23.4634"
"08/15/2019 - 08:08","temp","23.88"
"08/15/2019 - 08:08","pressure","1171.45"
"08/15/2019 - 08:08","depth","1.62"
"08/15/2019 - 08:08","base_temp","23.2221"
"08/15/2019 - 08:08","batt","3.43857"
"08/15/2019 - 08:08","height","1.51315"
"08/15/2019 - 08:08","base_humid","77.224"
"08/15/2019 - 08:24","base_pressure","1016.09"
"08/15/2019 - 08:24","base_altitutde","-23.6536"
"08/15/2019 - 08:24","temp","23.95"
"08/15/2019 - 08:24","pressure","1177.26"
"08/15/2019 - 08:24","depth","1.68"
"08/15/2019 - 08:24","base_temp","23.2881"
"08/15/2019 - 08:24","batt","3.4708"
"08/15/2019 - 08:24","height","1.56942"
"08/15/2019 - 08:24","base_humid","77.3488"
"08/15/2019 - 08:39","base_pressure","1016.18"
"08/15/2019 - 08:39","base_altitutde","-24.6683"
"08/15/2019 - 08:39","temp","23.95"
"08/15/2019 - 08:39","pressure","1179.58"
"08/15/2019 - 08:39","depth","1.70"
"08/15/2019 - 08:39","base_temp","23.2627"
"08/15/2019 - 08:39","batt","3.4418"
"08/15/2019 - 08:39","height","1.59108"
"08/15/2019 - 08:39","base_humid","77.0898"
"08/15/2019 - 08:54","base_pressure","1016.33"
"08/15/2019 - 08:54","base_altitutde","-25.4504"
"08/15/2019 - 08:54","temp","23.96"
"08/15/2019 - 08:54","pressure","1181.57"
"08/15/2019 - 08:54","depth","1.72"
"08/15/2019 - 08:54","base_temp","23.3135"
"08/15/2019 - 08:54","batt","3.46113"
"08/15/2019 - 08:54","height","1.60905"
"08/15/2019 - 08:54","base_humid","77.1131"
"08/15/2019 - 09:09","base_pressure","1016.57"
"08/15/2019 - 09:09","base_altitutde","-27.4796"
"08/15/2019 - 09:09","temp","23.85"
"08/15/2019 - 09:09","pressure","1183.02"
"08/15/2019 - 09:09","depth","1.74"
"08/15/2019 - 09:09","base_temp","23.3236"
"08/15/2019 - 09:09","batt","3.54492"
"08/15/2019 - 09:09","height","1.62084"
"08/15/2019 - 09:09","base_humid","76.7679"
"08/15/2019 - 09:24","base_pressure","1016.78"
"08/15/2019 - 09:24","base_altitutde","-29.3609"
"08/15/2019 - 09:24","temp","23.94"
"08/15/2019 - 09:24","pressure","1183.67"
"08/15/2019 - 09:24","depth","1.75"
"08/15/2019 - 09:24","base_temp","23.3643"
"08/15/2019 - 09:24","batt","3.45146"
"08/15/2019 - 09:24","height","1.62508"
"08/15/2019 - 09:24","base_humid","77.375"
"08/15/2019 - 09:39","base_pressure","1016.91"
"08/15/2019 - 09:39","base_altitutde","-30.6081"
"08/15/2019 - 09:39","temp","23.96"
"08/15/2019 - 09:39","pressure","1184.09"
"08/15/2019 - 09:39","depth","1.75"
"08/15/2019 - 09:39","base_temp","23.4607"
"08/15/2019 - 09:39","batt","3.46435"
"08/15/2019 - 09:39","height","1.62789"
"08/15/2019 - 09:39","base_humid","76.9105"
"08/15/2019 - 09:54","base_pressure","1017.12"
"08/15/2019 - 09:54","base_altitutde","-32.4471"
"08/15/2019 - 09:54","temp","23.89"
"08/15/2019 - 09:54","pressure","1184.08"
"08/15/2019 - 09:54","depth","1.75"
"08/15/2019 - 09:54","base_temp","23.6031"
"08/15/2019 - 09:54","batt","3.46758"
"08/15/2019 - 09:54","height","1.62579"
"08/15/2019 - 09:54","base_humid","76.9986"
"08/15/2019 - 10:09","base_pressure","1017.31"
"08/15/2019 - 10:09","base_altitutde","-33.9268"
"08/15/2019 - 10:09","temp","23.85"
"08/15/2019 - 10:09","pressure","1183.29"
"08/15/2019 - 10:09","depth","1.74"
"08/15/2019 - 10:09","base_temp","23.6996"
"08/15/2019 - 10:09","batt","3.48691"
"08/15/2019 - 10:09","height","1.61624"
"08/15/2019 - 10:09","base_humid","76.5706"
"08/15/2019 - 10:24","base_pressure","1017.32"
"08/15/2019 - 10:24","base_altitutde","-34.0748"
"08/15/2019 - 10:24","temp","23.86"
"08/15/2019 - 10:24","pressure","1185.52"
"08/15/2019 - 10:24","depth","1.76"
"08/15/2019 - 10:24","base_temp","23.7453"
"08/15/2019 - 10:24","batt","3.52881"
"08/15/2019 - 10:24","height","1.63787"
"08/15/2019 - 10:24","base_humid","75.9366"
"08/15/2019 - 10:39","base_pressure","1017.56"
"08/15/2019 - 10:39","base_altitutde","-35.9349"
"08/15/2019 - 10:39","temp","23.93"
"08/15/2019 - 10:39","pressure","1184.66"
"08/15/2019 - 10:39","depth","1.76"
"08/15/2019 - 10:39","base_temp","23.791"
"08/15/2019 - 10:39","batt","3.52881"
"08/15/2019 - 10:39","height","1.62719"
"08/15/2019 - 10:39","base_humid","76.2361"
"08/15/2019 - 10:54","base_pressure","1017.4"
"08/15/2019 - 10:54","base_altitutde","-34.6666"
"08/15/2019 - 10:54","temp","24.03"
"08/15/2019 - 10:54","pressure","1184.83"
"08/15/2019 - 10:54","depth","1.76"
"08/15/2019 - 10:54","base_temp","23.8775"
"08/15/2019 - 10:54","batt","3.52881"
"08/15/2019 - 10:54","height","1.63037"
"08/15/2019 - 10:54","base_humid","76.2433"
"08/15/2019 - 11:09","base_pressure","1017.46"
"08/15/2019 - 11:09","base_altitutde","-35.2162"
"08/15/2019 - 11:09","temp","24.04"
"08/15/2019 - 11:09","pressure","1184.18"
"08/15/2019 - 11:09","depth","1.75"
"08/15/2019 - 11:09","base_temp","23.9436"
"08/15/2019 - 11:09","batt","3.52881"
"08/15/2019 - 11:09","height","1.62342"
"08/15/2019 - 11:09","base_humid","75.992"
"08/15/2019 - 11:25","base_pressure","1017.37"
"08/15/2019 - 11:25","base_altitutde","-34.2227"
"08/15/2019 - 11:25","temp","24.05"
"08/15/2019 - 11:25","pressure","1182.89"
"08/15/2019 - 11:25","depth","1.74"
"08/15/2019 - 11:25","base_temp","24.0248"
"08/15/2019 - 11:25","batt","3.50303"
"08/15/2019 - 11:25","height","1.61176"
"08/15/2019 - 11:25","base_humid","76.4294"
"08/15/2019 - 11:40","base_pressure","1017.39"
"08/15/2019 - 11:40","base_altitutde","-34.5609"
"08/15/2019 - 11:40","temp","24.07"
"08/15/2019 - 11:40","pressure","1182.79"
"08/15/2019 - 11:40","depth","1.74"
"08/15/2019 - 11:40","base_temp","24.0959"
"08/15/2019 - 11:40","batt","3.51592"
"08/15/2019 - 11:40","height","1.61064"
"08/15/2019 - 11:40","base_humid","75.8401"
"08/15/2019 - 11:55","base_pressure","1017.45"
"08/15/2019 - 11:55","base_altitutde","-34.9837"
"08/15/2019 - 11:55","temp","24.11"
"08/15/2019 - 11:55","pressure","1184.43"
"08/15/2019 - 11:55","depth","1.75"
"08/15/2019 - 11:55","base_temp","24.1773"
"08/15/2019 - 11:55","batt","3.48691"
"08/15/2019 - 11:55","height","1.62594"
"08/15/2019 - 11:55","base_humid","75.9168"
"08/15/2019 - 12:10","base_pressure","1017.25"
"08/15/2019 - 12:10","base_altitutde","-33.5886"
"08/15/2019 - 12:10","temp","24.16"
"08/15/2019 - 12:10","pressure","1185.34"
"08/15/2019 - 12:10","depth","1.76"
"08/15/2019 - 12:10","base_temp","24.2281"
"08/15/2019 - 12:10","batt","3.46758"
"08/15/2019 - 12:10","height","1.63676"
"08/15/2019 - 12:10","base_humid","75.8239"
"08/15/2019 - 12:25","base_pressure","1017.25"
"08/15/2019 - 12:25","base_altitutde","-33.0601"
"08/15/2019 - 12:25","temp","24.20"
"08/15/2019 - 12:25","pressure","1186.31"
"08/15/2019 - 12:25","depth","1.77"
"08/15/2019 - 12:25","base_temp","24.2484"
"08/15/2019 - 12:25","batt","3.46113"
"08/15/2019 - 12:25","height","1.64622"
"08/15/2019 - 12:25","base_humid","75.4982"
"08/15/2019 - 12:40","base_pressure","1017.48"
"08/15/2019 - 12:40","base_altitutde","-35.2796"
"08/15/2019 - 12:40","temp","24.20"
"08/15/2019 - 12:40","pressure","1190.47"
"08/15/2019 - 12:40","depth","1.82"
"08/15/2019 - 12:40","base_temp","24.2992"
"08/15/2019 - 12:40","batt","3.46758"
"08/15/2019 - 12:40","height","1.68455"
"08/15/2019 - 12:40","base_humid","75.5992"
"08/15/2019 - 12:55","base_pressure","1017.53"
"08/15/2019 - 12:55","base_altitutde","-35.3642"
"08/15/2019 - 12:55","temp","24.24"
"08/15/2019 - 12:55","pressure","1192.85"
"08/15/2019 - 12:55","depth","1.84"
"08/15/2019 - 12:55","base_temp","24.4008"
"08/15/2019 - 12:55","batt","3.5417"
"08/15/2019 - 12:55","height","1.70723"
"08/15/2019 - 12:55","base_humid","74.7612"
"08/15/2019 - 13:10","base_pressure","1017.54"
"08/15/2019 - 13:10","base_altitutde","-35.4065"
"08/15/2019 - 13:10","temp","24.17"
"08/15/2019 - 13:10","pressure","1195.70"
"08/15/2019 - 13:10","depth","1.87"
"08/15/2019 - 13:10","base_temp","24.4414"
"08/15/2019 - 13:10","batt","3.47402"
"08/15/2019 - 13:10","height","1.7349"
"08/15/2019 - 13:10","base_humid","74.505"
"08/15/2019 - 13:25","base_pressure","1017.26"
"08/15/2019 - 13:25","base_altitutde","-33.2292"
"08/15/2019 - 13:25","temp","24.14"
"08/15/2019 - 13:25","pressure","1195.12"
"08/15/2019 - 13:25","depth","1.86"
"08/15/2019 - 13:25","base_temp","24.4719"
"08/15/2019 - 13:25","batt","3.45469"
"08/15/2019 - 13:25","height","1.73194"
"08/15/2019 - 13:25","base_humid","74.4027"
"08/15/2019 - 13:40","base_pressure","1017.14"
"08/15/2019 - 13:40","base_altitutde","-32.4471"
"08/15/2019 - 13:40","temp","24.14"
"08/15/2019 - 13:40","pressure","1195.33"
"08/15/2019 - 13:40","depth","1.86"
"08/15/2019 - 13:40","base_temp","24.5686"
"08/15/2019 - 13:40","batt","3.46435"
"08/15/2019 - 13:40","height","1.73512"
"08/15/2019 - 13:40","base_humid","74.6932"
"08/15/2019 - 13:55","base_pressure","1017.12"
"08/15/2019 - 13:55","base_altitutde","-32.0244"
"08/15/2019 - 13:55","temp","24.12"
"08/15/2019 - 13:55","pressure","1191.08"
"08/15/2019 - 13:55","depth","1.82"
"08/15/2019 - 13:55","base_temp","24.6396"
"08/15/2019 - 13:55","batt","3.44824"
"08/15/2019 - 13:55","height","1.69397"
"08/15/2019 - 13:55","base_humid","73.8484"
"08/15/2019 - 14:10","base_pressure","1017.06"
"08/15/2019 - 14:10","base_altitutde","-32.0878"
"08/15/2019 - 14:10","temp","24.14"
"08/15/2019 - 14:10","pressure","1187.32"
"08/15/2019 - 14:10","depth","1.78"
"08/15/2019 - 14:10","base_temp","24.6447"
"08/15/2019 - 14:10","batt","3.53203"
"08/15/2019 - 14:10","height","1.65788"
"08/15/2019 - 14:10","base_humid","73.8435"
"08/15/2019 - 14:25","base_pressure","1017.05"
"08/15/2019 - 14:25","base_altitutde","-31.4536"
"08/15/2019 - 14:25","temp","24.34"
"08/15/2019 - 14:25","pressure","1186.85"
"08/15/2019 - 14:25","depth","1.78"
"08/15/2019 - 14:25","base_temp","24.6549"
"08/15/2019 - 14:25","batt","3.46435"
"08/15/2019 - 14:25","height","1.65343"
"08/15/2019 - 14:25","base_humid","73.3926"
"08/15/2019 - 14:40","base_pressure","1017.02"
"08/15/2019 - 14:40","base_altitutde","-31.6016"
"08/15/2019 - 14:40","temp","24.48"
"08/15/2019 - 14:40","pressure","1184.19"
"08/15/2019 - 14:40","depth","1.75"
"08/15/2019 - 14:40","base_temp","24.7666"
"08/15/2019 - 14:40","batt","3.4708"
"08/15/2019 - 14:40","height","1.62786"
"08/15/2019 - 14:40","base_humid","73.7134"
"08/15/2019 - 14:56","base_pressure","1016.86"
"08/15/2019 - 14:56","base_altitutde","-30.1642"
"08/15/2019 - 14:56","temp","24.48"
"08/15/2019 - 14:56","pressure","1181.87"
"08/15/2019 - 14:56","depth","1.73"
"08/15/2019 - 14:56","base_temp","24.8275"
"08/15/2019 - 14:56","batt","3.48369"
"08/15/2019 - 14:56","height","1.60679"
"08/15/2019 - 14:56","base_humid","73.214"
"08/15/2019 - 15:11","base_pressure","1016.96"
"08/15/2019 - 15:11","base_altitutde","-30.8618"
"08/15/2019 - 15:11","temp","24.31"
"08/15/2019 - 15:11","pressure","1180.12"
"08/15/2019 - 15:11","depth","1.71"
"08/15/2019 - 15:11","base_temp","24.909"
"08/15/2019 - 15:11","batt","3.45791"
"08/15/2019 - 15:11","height","1.58879"
"08/15/2019 - 15:11","base_humid","73.1936"
"08/15/2019 - 15:26","base_pressure","1016.92"
"08/15/2019 - 15:26","base_altitutde","-30.587"
"08/15/2019 - 15:26","temp","24.44"
"08/15/2019 - 15:26","pressure","1178.62"
"08/15/2019 - 15:26","depth","1.69"
"08/15/2019 - 15:26","base_temp","25.0613"
"08/15/2019 - 15:26","batt","3.45469"
"08/15/2019 - 15:26","height","1.57455"
"08/15/2019 - 15:26","base_humid","72.4985"
"08/15/2019 - 15:41","base_pressure","1016.89"
"08/15/2019 - 15:41","base_altitutde","-30.1431"
"08/15/2019 - 15:41","temp","24.55"
"08/15/2019 - 15:41","pressure","1177.39"
"08/15/2019 - 15:41","depth","1.68"
"08/15/2019 - 15:41","base_temp","25.1223"
"08/15/2019 - 15:41","batt","3.47402"
"08/15/2019 - 15:41","height","1.56288"
"08/15/2019 - 15:41","base_humid","72.7324"
"08/15/2019 - 15:56","base_pressure","1016.99"
"08/15/2019 - 15:56","base_altitutde","-30.7561"
"08/15/2019 - 15:56","temp","24.66"
"08/15/2019 - 15:56","pressure","1174.94"
"08/15/2019 - 15:56","depth","1.66"
"08/15/2019 - 15:56","base_temp","25.224"
"08/15/2019 - 15:56","batt","3.45146"
"08/15/2019 - 15:56","height","1.53805"
"08/15/2019 - 15:56","base_humid","71.8586"
"08/15/2019 - 16:11","base_pressure","1017.11"
"08/15/2019 - 16:11","base_altitutde","-31.8764"
"08/15/2019 - 16:11","temp","24.61"
"08/15/2019 - 16:11","pressure","1173.52"
"08/15/2019 - 16:11","depth","1.64"
"08/15/2019 - 16:11","base_temp","25.1223"
"08/15/2019 - 16:11","batt","3.58037"
"08/15/2019 - 16:11","height","1.52308"
"08/15/2019 - 16:11","base_humid","71.4384"
"08/15/2019 - 16:26","base_pressure","1017"
"08/15/2019 - 16:26","base_altitutde","-31.0097"
"08/15/2019 - 16:26","temp","24.60"
"08/15/2019 - 16:26","pressure","1170.71"
"08/15/2019 - 16:26","depth","1.61"
"08/15/2019 - 16:26","base_temp","25.0664"
"08/15/2019 - 16:26","batt","3.45791"
"08/15/2019 - 16:26","height","1.49673"
"08/15/2019 - 16:26","base_humid","71.033"
"08/15/2019 - 16:41","base_pressure","1016.98"
"08/15/2019 - 16:41","base_altitutde","-31.2"
"08/15/2019 - 16:41","temp","24.48"
"08/15/2019 - 16:41","pressure","1169.24"
"08/15/2019 - 16:41","depth","1.60"
"08/15/2019 - 16:41","base_temp","24.8684"
"08/15/2019 - 16:41","batt","3.47725"
"08/15/2019 - 16:41","height","1.48265"
"08/15/2019 - 16:41","base_humid","71.1126"
"08/15/2019 - 16:56","base_pressure","1016.88"
"08/15/2019 - 16:56","base_altitutde","-30.3544"
"08/15/2019 - 16:56","temp","24.30"
"08/15/2019 - 16:56","pressure","1165.07"
"08/15/2019 - 16:56","depth","1.56"
"08/15/2019 - 16:56","base_temp","24.8379"
"08/15/2019 - 16:56","batt","3.4418"
"08/15/2019 - 16:56","height","1.44302"
"08/15/2019 - 16:56","base_humid","72.1705"
"08/15/2019 - 17:11","base_pressure","1016.85"
"08/15/2019 - 17:11","base_altitutde","-31.1577"
"08/15/2019 - 17:11","temp","24.62"
"08/15/2019 - 17:11","pressure","1164.28"
"08/15/2019 - 17:11","depth","1.55"
"08/15/2019 - 17:11","base_temp","24.8887"
"08/15/2019 - 17:11","batt","3.4418"
"08/15/2019 - 17:11","height","1.4356"
"08/15/2019 - 17:11","base_humid","71.9358"
"08/15/2019 - 17:26","base_pressure","1016.99"
"08/15/2019 - 17:26","base_altitutde","-31.4113"
"08/15/2019 - 17:26","temp","24.72"
"08/15/2019 - 17:26","pressure","1162.19"
"08/15/2019 - 17:26","depth","1.53"
"08/15/2019 - 17:26","base_temp","24.9395"
"08/15/2019 - 17:26","batt","3.44824"
"08/15/2019 - 17:26","height","1.41389"
"08/15/2019 - 17:26","base_humid","71.7838"
"08/15/2019 - 17:41","base_pressure","1016.9"
"08/15/2019 - 17:41","base_altitutde","-30.1642"
"08/15/2019 - 17:41","temp","24.78"
"08/15/2019 - 17:41","pressure","1159.16"
"08/15/2019 - 17:41","depth","1.49"
"08/15/2019 - 17:41","base_temp","24.8582"
"08/15/2019 - 17:41","batt","3.44502"
"08/15/2019 - 17:41","height","1.38525"
"08/15/2019 - 17:41","base_humid","71.602"
"08/15/2019 - 17:56","base_pressure","1017.07"
"08/15/2019 - 17:56","base_altitutde","-31.4325"
"08/15/2019 - 17:56","temp","24.82"
"08/15/2019 - 17:56","pressure","1157.96"
"08/15/2019 - 17:56","depth","1.48"
"08/15/2019 - 17:56","base_temp","24.8275"
"08/15/2019 - 17:56","batt","3.46435"
"08/15/2019 - 17:56","height","1.37198"
"08/15/2019 - 17:56","base_humid","71.2624"
"08/15/2019 - 18:12","base_pressure","1016.83"
"08/15/2019 - 18:12","base_altitutde","-30.7138"
"08/15/2019 - 18:12","temp","24.80"
"08/15/2019 - 18:12","pressure","1157.72"
"08/15/2019 - 18:12","depth","1.48"
"08/15/2019 - 18:12","base_temp","24.6346"
"08/15/2019 - 18:12","batt","3.44824"
"08/15/2019 - 18:12","height","1.3719"
"08/15/2019 - 18:12","base_humid","70.4957"
"08/15/2019 - 18:27","base_pressure","1017.1"
"08/15/2019 - 18:27","base_altitutde","-32.1301"
"08/15/2019 - 18:27","temp","24.80"
"08/15/2019 - 18:27","pressure","1157.11"
"08/15/2019 - 18:27","depth","1.47"
"08/15/2019 - 18:27","base_temp","24.5076"
"08/15/2019 - 18:27","batt","3.51592"
"08/15/2019 - 18:27","height","1.36341"
"08/15/2019 - 18:27","base_humid","71.2839"
"08/15/2019 - 18:42","base_pressure","1017.19"
"08/15/2019 - 18:42","base_altitutde","-32.7431"
"08/15/2019 - 18:42","temp","24.79"
"08/15/2019 - 18:42","pressure","1159.93"
"08/15/2019 - 18:42","depth","1.50"
"08/15/2019 - 18:42","base_temp","24.35"
"08/15/2019 - 18:42","batt","3.4998"
"08/15/2019 - 18:42","height","1.38993"
"08/15/2019 - 18:42","base_humid","71.381"
"08/15/2019 - 18:57","base_pressure","1017.06"
"08/15/2019 - 18:57","base_altitutde","-31.5805"
"08/15/2019 - 18:57","temp","24.74"
"08/15/2019 - 18:57","pressure","1159.67"
"08/15/2019 - 18:57","depth","1.50"
"08/15/2019 - 18:57","base_temp","24.2078"
"08/15/2019 - 18:57","batt","3.49014"
"08/15/2019 - 18:57","height","1.38872"
"08/15/2019 - 18:57","base_humid","72.4139"
"08/15/2019 - 19:12","base_pressure","1017.22"
"08/15/2019 - 19:12","base_altitutde","-31.9609"
"08/15/2019 - 19:12","temp","24.71"
"08/15/2019 - 19:12","pressure","1163.24"
"08/15/2019 - 19:12","depth","1.54"
"08/15/2019 - 19:12","base_temp","24.0654"
"08/15/2019 - 19:12","batt","3.38379"
"08/15/2019 - 19:12","height","1.42193"
"08/15/2019 - 19:12","base_humid","71.8161"
"08/15/2019 - 19:27","base_pressure","1017.19"
"08/15/2019 - 19:27","base_altitutde","-32.3626"
"08/15/2019 - 19:27","temp","24.71"
"08/15/2019 - 19:27","pressure","1167.73"
"08/15/2019 - 19:27","depth","1.58"
"08/15/2019 - 19:27","base_temp","23.9131"
"08/15/2019 - 19:27","batt","3.40957"
"08/15/2019 - 19:27","height","1.46594"
"08/15/2019 - 19:27","base_humid","72.2913"
"08/15/2019 - 19:42","base_pressure","1017.23"
"08/15/2019 - 19:42","base_altitutde","-33.1235"
"08/15/2019 - 19:42","temp","24.76"
"08/15/2019 - 19:42","pressure","1171.11"
"08/15/2019 - 19:42","depth","1.62"
"08/15/2019 - 19:42","base_temp","23.8928"
"08/15/2019 - 19:42","batt","3.39023"
"08/15/2019 - 19:42","height","1.4984"
"08/15/2019 - 19:42","base_humid","72.9478"
"08/15/2019 - 20:12","base_pressure","1017.33"
"08/15/2019 - 20:12","base_altitutde","-32.9122"
"08/15/2019 - 20:12","temp","24.65"
"08/15/2019 - 20:12","pressure","1181.44"
"08/15/2019 - 20:12","depth","1.72"
"08/15/2019 - 20:12","base_temp","23.974"
"08/15/2019 - 20:12","batt","3.36445"
"08/15/2019 - 20:12","height","1.59803"
"08/15/2019 - 20:12","base_humid","72.9029"
"08/15/2019 - 20:28","base_pressure","1017.31"
"08/15/2019 - 20:28","base_altitutde","-33.1658"
"08/15/2019 - 20:28","temp","24.65"
"08/15/2019 - 20:28","pressure","1185.99"
"08/15/2019 - 20:28","depth","1.77"
"08/15/2019 - 20:28","base_temp","23.9182"
"08/15/2019 - 20:28","batt","3.36123"
"08/15/2019 - 20:28","height","1.64251"
"08/15/2019 - 20:28","base_humid","72.8594"
"08/15/2019 - 20:43","base_pressure","1017.45"
"08/15/2019 - 20:43","base_altitutde","-34.8357"
"08/15/2019 - 20:43","temp","24.61"
"08/15/2019 - 20:43","pressure","1190.58"
"08/15/2019 - 20:43","depth","1.82"
"08/15/2019 - 20:43","base_temp","23.7453"
"08/15/2019 - 20:43","batt","3.37412"
"08/15/2019 - 20:43","height","1.68587"
"08/15/2019 - 20:43","base_humid","72.5009"
"08/15/2019 - 20:58","base_pressure","1017.55"
"08/15/2019 - 20:58","base_altitutde","-35.5967"
"08/15/2019 - 20:58","temp","24.58"
"08/15/2019 - 20:58","pressure","1194.87"
"08/15/2019 - 20:58","depth","1.86"
"08/15/2019 - 20:58","base_temp","23.6996"
"08/15/2019 - 20:58","batt","3.34512"
"08/15/2019 - 20:58","height","1.72669"
"08/15/2019 - 20:58","base_humid","72.7235"
"08/15/2019 - 21:13","base_pressure","1017.37"
"08/15/2019 - 21:13","base_altitutde","-34.1805"
"08/15/2019 - 21:13","temp","24.57"
"08/15/2019 - 21:13","pressure","1197.41"
"08/15/2019 - 21:13","depth","1.89"
"08/15/2019 - 21:13","base_temp","23.5371"
"08/15/2019 - 21:13","batt","3.36445"
"08/15/2019 - 21:13","height","1.75315"
"08/15/2019 - 21:13","base_humid","72.159"
"08/15/2019 - 21:28","base_pressure","1017.5"
"08/15/2019 - 21:28","base_altitutde","-35.5333"
"08/15/2019 - 21:28","temp","24.53"
"08/15/2019 - 21:28","pressure","1199.90"
"08/15/2019 - 21:28","depth","1.91"
"08/15/2019 - 21:28","base_temp","23.3643"
"08/15/2019 - 21:28","batt","3.36123"
"08/15/2019 - 21:28","height","1.77616"
"08/15/2019 - 21:28","base_humid","72.9555"
"08/15/2019 - 21:43","base_pressure","1017.6"
"08/15/2019 - 21:43","base_altitutde","-35.9138"
"08/15/2019 - 21:43","temp","24.52"
"08/15/2019 - 21:43","pressure","1201.04"
"08/15/2019 - 21:43","depth","1.92"
"08/15/2019 - 21:43","base_temp","23.3135"
"08/15/2019 - 21:43","batt","3.34512"
"08/15/2019 - 21:43","height","1.78626"
"08/15/2019 - 21:43","base_humid","73.6036"
"08/15/2019 - 21:58","base_pressure","1017.46"
"08/15/2019 - 21:58","base_altitutde","-34.9203"
"08/15/2019 - 21:58","temp","24.35"
"08/15/2019 - 21:58","pressure","1201.96"
"08/15/2019 - 21:58","depth","1.93"
"08/15/2019 - 21:58","base_temp","23.2932"
"08/15/2019 - 21:58","batt","3.3709"
"08/15/2019 - 21:58","height","1.79663"
"08/15/2019 - 21:58","base_humid","74.0449"
"08/15/2019 - 22:13","base_pressure","1017.43"
"08/15/2019 - 22:13","base_altitutde","-34.3073"
"08/15/2019 - 22:13","temp","24.30"
"08/15/2019 - 22:13","pressure","1202.54"
"08/15/2019 - 22:13","depth","1.94"
"08/15/2019 - 22:13","base_temp","23.2932"
"08/15/2019 - 22:13","batt","3.3709"
"08/15/2019 - 22:13","height","1.80256"
"08/15/2019 - 22:13","base_humid","73.6404"
"08/15/2019 - 22:28","base_pressure","1017.45"
"08/15/2019 - 22:28","base_altitutde","-34.9414"
"08/15/2019 - 22:28","temp","24.30"
"08/15/2019 - 22:28","pressure","1204.07"
"08/15/2019 - 22:28","depth","1.95"
"08/15/2019 - 22:28","base_temp","23.2424"
"08/15/2019 - 22:28","batt","3.35801"
"08/15/2019 - 22:28","height","1.81726"
"08/15/2019 - 22:28","base_humid","73.86"
"08/15/2019 - 22:43","base_pressure","1017.39"
"08/15/2019 - 22:43","base_altitutde","-34.3495"
"08/15/2019 - 22:43","temp","24.30"
"08/15/2019 - 22:43","pressure","1205.35"
"08/15/2019 - 22:43","depth","1.97"
"08/15/2019 - 22:43","base_temp","23.2119"
"08/15/2019 - 22:43","batt","3.36445"
"08/15/2019 - 22:43","height","1.83028"
"08/15/2019 - 22:43","base_humid","73.7529"
"08/15/2019 - 22:58","base_pressure","1017.5"
"08/15/2019 - 22:58","base_altitutde","-35.3642"
"08/15/2019 - 22:58","temp","24.28"
"08/15/2019 - 22:58","pressure","1205.37"
"08/15/2019 - 22:58","depth","1.97"
"08/15/2019 - 22:58","base_temp","23.151"
"08/15/2019 - 22:58","batt","3.35478"
"08/15/2019 - 22:58","height","1.8294"
"08/15/2019 - 22:58","base_humid","73.7127"
"08/15/2019 - 23:13","base_pressure","1017.61"
"08/15/2019 - 23:13","base_altitutde","-36.1886"
"08/15/2019 - 23:13","temp","24.27"
"08/15/2019 - 23:13","pressure","1207.13"
"08/15/2019 - 23:13","depth","1.99"
"08/15/2019 - 23:13","base_temp","23.0289"
"08/15/2019 - 23:13","batt","3.34512"
"08/15/2019 - 23:13","height","1.84551"
"08/15/2019 - 23:13","base_humid","73.7695"
"08/15/2019 - 23:28","base_pressure","1017.73"
"08/15/2019 - 23:28","base_altitutde","-37.1398"
"08/15/2019 - 23:28","temp","24.23"
"08/15/2019 - 23:28","pressure","1206.32"
"08/15/2019 - 23:28","depth","1.98"
"08/15/2019 - 23:28","base_temp","22.9375"
"08/15/2019 - 23:28","batt","3.41279"
"08/15/2019 - 23:28","height","1.83641"
"08/15/2019 - 23:28","base_humid","74.3032"
"08/15/2019 - 23:44","base_pressure","1017.9"
"08/15/2019 - 23:44","base_altitutde","-38.5138"
"08/15/2019 - 23:44","temp","24.21"
"08/15/2019 - 23:44","pressure","1208.75"
"08/15/2019 - 23:44","depth","2.00"
"08/15/2019 - 23:44","base_temp","22.8461"
"08/15/2019 - 23:44","batt","3.3709"
"08/15/2019 - 23:44","height","1.85846"
"08/15/2019 - 23:44","base_humid","73.7273"
"08/15/2019 - 23:59","base_pressure","1017.87"
"08/15/2019 - 23:59","base_altitutde","-38.6195"
"08/15/2019 - 23:59","temp","24.21"
"08/15/2019 - 23:59","pressure","1209.01"
"08/15/2019 - 23:59","depth","2.00"
"08/15/2019 - 23:59","base_temp","22.7953"
"08/15/2019 - 23:59","batt","3.36123"
"08/15/2019 - 23:59","height","1.86123"
"08/15/2019 - 23:59","base_humid","73.736"
"08/16/2019 - 00:14","base_pressure","1017.85"
"08/16/2019 - 00:14","base_altitutde","-37.9008"
"08/16/2019 - 00:14","temp","24.18"
"08/16/2019 - 00:14","pressure","1208.03"
"08/16/2019 - 00:14","depth","1.99"
"08/16/2019 - 00:14","base_temp","22.7545"
"08/16/2019 - 00:14","batt","3.35156"
"08/16/2019 - 00:14","height","1.85195"
"08/16/2019 - 00:14","base_humid","73.8322"
"08/16/2019 - 00:29","base_pressure","1017.82"
"08/16/2019 - 00:29","base_altitutde","-37.8162"
"08/16/2019 - 00:29","temp","24.18"
"08/16/2019 - 00:29","pressure","1210.27"
"08/16/2019 - 00:29","depth","2.02"
"08/16/2019 - 00:29","base_temp","22.7291"
"08/16/2019 - 00:29","batt","3.34189"
"08/16/2019 - 00:29","height","1.874"
"08/16/2019 - 00:29","base_humid","74.2477"
"08/16/2019 - 00:44","base_pressure","1017.85"
"08/16/2019 - 00:44","base_altitutde","-37.9642"
"08/16/2019 - 00:44","temp","24.18"
"08/16/2019 - 00:44","pressure","1211.95"
"08/16/2019 - 00:44","depth","2.03"
"08/16/2019 - 00:44","base_temp","22.7291"
"08/16/2019 - 00:44","batt","3.36123"
"08/16/2019 - 00:44","height","1.89011"
"08/16/2019 - 00:44","base_humid","74.2509"
"08/16/2019 - 00:59","base_pressure","1017.74"
"08/16/2019 - 00:59","base_altitutde","-37.3934"
"08/16/2019 - 00:59","temp","24.16"
"08/16/2019 - 00:59","pressure","1214.47"
"08/16/2019 - 00:59","depth","2.06"
"08/16/2019 - 00:59","base_temp","22.7393"
"08/16/2019 - 00:59","batt","3.34189"
"08/16/2019 - 00:59","height","1.91573"
"08/16/2019 - 00:59","base_humid","74.7617"
"08/16/2019 - 01:14","base_pressure","1017.67"
"08/16/2019 - 01:14","base_altitutde","-36.8227"
"08/16/2019 - 01:14","temp","24.16"
"08/16/2019 - 01:14","pressure","1215.91"
"08/16/2019 - 01:14","depth","2.08"
"08/16/2019 - 01:14","base_temp","22.6529"
"08/16/2019 - 01:14","batt","3.35478"
"08/16/2019 - 01:14","height","1.93039"
"08/16/2019 - 01:14","base_humid","74.4496"
"08/16/2019 - 01:29","base_pressure","1017.77"
"08/16/2019 - 01:29","base_altitutde","-37.626"
"08/16/2019 - 01:29","temp","24.16"
"08/16/2019 - 01:29","pressure","1214.26"
"08/16/2019 - 01:29","depth","2.06"
"08/16/2019 - 01:29","base_temp","22.592"
"08/16/2019 - 01:29","batt","3.37734"
"08/16/2019 - 01:29","height","1.91331"
"08/16/2019 - 01:29","base_humid","74.7707"
"08/16/2019 - 01:44","base_pressure","1017.78"
"08/16/2019 - 01:44","base_altitutde","-37.3089"
"08/16/2019 - 01:44","temp","24.11"
"08/16/2019 - 01:44","pressure","1211.16"
"08/16/2019 - 01:44","depth","2.03"
"08/16/2019 - 01:44","base_temp","22.5412"
"08/16/2019 - 01:44","batt","3.36767"
"08/16/2019 - 01:44","height","1.8831"
"08/16/2019 - 01:44","base_humid","74.8936"
"08/16/2019 - 01:59","base_pressure","1017.58"
"08/16/2019 - 01:59","base_altitutde","-35.9138"
"08/16/2019 - 01:59","temp","24.08"
"08/16/2019 - 01:59","pressure","1209.25"
"08/16/2019 - 01:59","depth","2.01"
"08/16/2019 - 01:59","base_temp","22.4752"
"08/16/2019 - 01:59","batt","3.39023"
"08/16/2019 - 01:59","height","1.86644"
"08/16/2019 - 01:59","base_humid","74.8541"
"08/16/2019 - 02:14","base_pressure","1017.38"
"08/16/2019 - 02:14","base_altitutde","-34.6032"
"08/16/2019 - 02:14","temp","24.10"
"08/16/2019 - 02:14","pressure","1204.70"
"08/16/2019 - 02:14","depth","1.96"
"08/16/2019 - 02:14","base_temp","22.348"
"08/16/2019 - 02:14","batt","3.39023"
"08/16/2019 - 02:14","height","1.82405"
"08/16/2019 - 02:14","base_humid","74.9242"
"08/16/2019 - 02:30","base_pressure","1017.14"
"08/16/2019 - 02:30","base_altitutde","-32.3837"
"08/16/2019 - 02:30","temp","24.03"
"08/16/2019 - 02:30","pressure","1200.19"
"08/16/2019 - 02:30","depth","1.91"
"08/16/2019 - 02:30","base_temp","22.2312"
"08/16/2019 - 02:30","batt","3.40957"
"08/16/2019 - 02:30","height","1.78248"
"08/16/2019 - 02:30","base_humid","75.3023"
"08/16/2019 - 02:45","base_pressure","1017.02"
"08/16/2019 - 02:45","base_altitutde","-31.0731"
"08/16/2019 - 02:45","temp","23.99"
"08/16/2019 - 02:45","pressure","1197.14"
"08/16/2019 - 02:45","depth","1.88"
"08/16/2019 - 02:45","base_temp","22.1348"
"08/16/2019 - 02:45","batt","3.34834"
"08/16/2019 - 02:45","height","1.75391"
"08/16/2019 - 02:45","base_humid","75.5231"
"08/16/2019 - 03:00","base_pressure","1016.81"
"08/16/2019 - 03:00","base_altitutde","-29.5723"
"08/16/2019 - 03:00","temp","23.97"
"08/16/2019 - 03:00","pressure","1194.27"
"08/16/2019 - 03:00","depth","1.85"
"08/16/2019 - 03:00","base_temp","22.0279"
"08/16/2019 - 03:00","batt","3.34834"
"08/16/2019 - 03:00","height","1.72802"
"08/16/2019 - 03:00","base_humid","75.5419"
"08/16/2019 - 03:15","base_pressure","1016.78"
"08/16/2019 - 03:15","base_altitutde","-29.4455"
"08/16/2019 - 03:15","temp","23.89"
"08/16/2019 - 03:15","pressure","1190.29"
"08/16/2019 - 03:15","depth","1.81"
"08/16/2019 - 03:15","base_temp","21.9111"
"08/16/2019 - 03:15","batt","3.40635"
"08/16/2019 - 03:15","height","1.68955"
"08/16/2019 - 03:15","base_humid","75.467"
"08/16/2019 - 03:30","base_pressure","1016.92"
"08/16/2019 - 03:30","base_altitutde","-30.1853"
"08/16/2019 - 03:30","temp","23.81"
"08/16/2019 - 03:30","pressure","1190.46"
"08/16/2019 - 03:30","depth","1.82"
"08/16/2019 - 03:30","base_temp","21.9264"
"08/16/2019 - 03:30","batt","3.34834"
"08/16/2019 - 03:30","height","1.6899"
"08/16/2019 - 03:30","base_humid","76.4319"
"08/16/2019 - 03:45","base_pressure","1016.87"
"08/16/2019 - 03:45","base_altitutde","-30.1219"
"08/16/2019 - 03:45","temp","23.87"
"08/16/2019 - 03:45","pressure","1187.85"
"08/16/2019 - 03:45","depth","1.79"
"08/16/2019 - 03:45","base_temp","21.9619"
"08/16/2019 - 03:45","batt","3.40635"
"08/16/2019 - 03:45","height","1.6649"
"08/16/2019 - 03:45","base_humid","76.2288"
"08/16/2019 - 04:00","base_pressure","1016.9"
"08/16/2019 - 04:00","base_altitutde","-30.3756"
"08/16/2019 - 04:00","temp","24.01"
"08/16/2019 - 04:00","pressure","1183.58"
"08/16/2019 - 04:00","depth","1.74"
"08/16/2019 - 04:00","base_temp","21.9619"
"08/16/2019 - 04:00","batt","3.39668"
"08/16/2019 - 04:00","height","1.62307"
"08/16/2019 - 04:00","base_humid","76.0096"
"08/16/2019 - 04:15","base_pressure","1016.95"
"08/16/2019 - 04:15","base_altitutde","-30.7138"
"08/16/2019 - 04:15","temp","24.03"
"08/16/2019 - 04:15","pressure","1180.72"
"08/16/2019 - 04:15","depth","1.72"
"08/16/2019 - 04:15","base_temp","21.9518"
"08/16/2019 - 04:15","batt","3.38379"
"08/16/2019 - 04:15","height","1.59477"
"08/16/2019 - 04:15","base_humid","76.4103"
"08/16/2019 - 04:30","base_pressure","1016.79"
"08/16/2019 - 04:30","base_altitutde","-29.6357"
"08/16/2019 - 04:30","temp","24.05"
"08/16/2019 - 04:30","pressure","1174.46"
"08/16/2019 - 04:30","depth","1.65"
"08/16/2019 - 04:30","base_temp","21.8959"
"08/16/2019 - 04:30","batt","3.40635"
"08/16/2019 - 04:30","height","1.53533"
"08/16/2019 - 04:30","base_humid","76.3193"
"08/16/2019 - 04:45","base_pressure","1016.65"
"08/16/2019 - 04:45","base_altitutde","-28.2195"
"08/16/2019 - 04:45","temp","24.04"
"08/16/2019 - 04:45","pressure","1171.83"
"08/16/2019 - 04:45","depth","1.62"
"08/16/2019 - 04:45","base_temp","21.8248"
"08/16/2019 - 04:45","batt","3.37412"
"08/16/2019 - 04:45","height","1.5111"
"08/16/2019 - 04:45","base_humid","76.4203"
"08/16/2019 - 05:00","base_pressure","1016.97"
"08/16/2019 - 05:00","base_altitutde","-30.904"
"08/16/2019 - 05:00","temp","23.91"
"08/16/2019 - 05:00","pressure","1167.12"
"08/16/2019 - 05:00","depth","1.58"
"08/16/2019 - 05:00","base_temp","21.8096"
"08/16/2019 - 05:00","batt","3.39023"
"08/16/2019 - 05:00","height","1.46206"
"08/16/2019 - 05:00","base_humid","76.8564"
"08/16/2019 - 05:16","base_pressure","1016.93"
"08/16/2019 - 05:16","base_altitutde","-30.5024"
"08/16/2019 - 05:16","temp","23.91"
"08/16/2019 - 05:16","pressure","1163.84"
"08/16/2019 - 05:16","depth","1.54"
"08/16/2019 - 05:16","base_temp","21.7943"
"08/16/2019 - 05:16","batt","3.38701"
"08/16/2019 - 05:16","height","1.43054"
"08/16/2019 - 05:16","base_humid","76.6308"
"08/16/2019 - 05:31","base_pressure","1017.04"
"08/16/2019 - 05:31","base_altitutde","-31.665"
"08/16/2019 - 05:31","temp","23.89"
"08/16/2019 - 05:31","pressure","1161.44"
"08/16/2019 - 05:31","depth","1.52"
"08/16/2019 - 05:31","base_temp","21.7334"
"08/16/2019 - 05:31","batt","3.38379"
"08/16/2019 - 05:31","height","1.40608"
"08/16/2019 - 05:31","base_humid","77.0295"
"08/16/2019 - 05:46","base_pressure","1017.19"
"08/16/2019 - 05:46","base_altitutde","-32.6374"
"08/16/2019 - 05:46","temp","23.84"
"08/16/2019 - 05:46","pressure","1158.88"
"08/16/2019 - 05:46","depth","1.49"
"08/16/2019 - 05:46","base_temp","21.7283"
"08/16/2019 - 05:46","batt","3.33545"
"08/16/2019 - 05:46","height","1.37976"
"08/16/2019 - 05:46","base_humid","77.3177"
"08/16/2019 - 06:01","base_pressure","1017.28"
"08/16/2019 - 06:01","base_altitutde","-33.5674"
"08/16/2019 - 06:01","temp","23.83"
"08/16/2019 - 06:01","pressure","1154.87"
"08/16/2019 - 06:01","depth","1.45"
"08/16/2019 - 06:01","base_temp","21.6824"
"08/16/2019 - 06:01","batt","3.33545"
"08/16/2019 - 06:01","height","1.33975"
"08/16/2019 - 06:01","base_humid","77.1877"
"08/16/2019 - 06:16","base_pressure","1017.26"
"08/16/2019 - 06:16","base_altitutde","-33.6097"
"08/16/2019 - 06:16","temp","23.91"
"08/16/2019 - 06:16","pressure","1153.98"
"08/16/2019 - 06:16","depth","1.44"
"08/16/2019 - 06:16","base_temp","21.6773"
"08/16/2019 - 06:16","batt","3.39668"
"08/16/2019 - 06:16","height","1.33132"
"08/16/2019 - 06:16","base_humid","77.8416"
"08/16/2019 - 06:31","base_pressure","1017.49"
"08/16/2019 - 06:31","base_altitutde","-35.1528"
"08/16/2019 - 06:31","temp","23.91"
"08/16/2019 - 06:31","pressure","1149.36"
"08/16/2019 - 06:31","depth","1.39"
"08/16/2019 - 06:31","base_temp","21.7078"
"08/16/2019 - 06:31","batt","3.38057"
"08/16/2019 - 06:31","height","1.28411"
"08/16/2019 - 06:31","base_humid","77.8552"
"08/16/2019 - 06:46","base_pressure","1017.47"
"08/16/2019 - 06:46","base_altitutde","-34.878"
"08/16/2019 - 06:46","temp","23.85"
"08/16/2019 - 06:46","pressure","1150.71"
"08/16/2019 - 06:46","depth","1.41"
"08/16/2019 - 06:46","base_temp","21.7994"
"08/16/2019 - 06:46","batt","3.34189"
"08/16/2019 - 06:46","height","1.29741"
"08/16/2019 - 06:46","base_humid","78.3174"
"08/16/2019 - 07:01","base_pressure","1017.87"
"08/16/2019 - 07:01","base_altitutde","-38.3235"
"08/16/2019 - 07:01","temp","23.92"
"08/16/2019 - 07:01","pressure","1150.49"
"08/16/2019 - 07:01","depth","1.41"
"08/16/2019 - 07:01","base_temp","21.9264"
"08/16/2019 - 07:01","batt","3.33545"
"08/16/2019 - 07:01","height","1.29137"
"08/16/2019 - 07:01","base_humid","78.3348"
"08/16/2019 - 07:16","base_pressure","1018.03"
"08/16/2019 - 07:16","base_altitutde","-39.6341"
"08/16/2019 - 07:16","temp","24.02"
"08/16/2019 - 07:16","pressure","1147.15"
"08/16/2019 - 07:16","depth","1.37"
"08/16/2019 - 07:16","base_temp","22.15"
"08/16/2019 - 07:16","batt","3.39023"
"08/16/2019 - 07:16","height","1.25736"
"08/16/2019 - 07:16","base_humid","78.5285"
"08/16/2019 - 07:31","base_pressure","1018.1"
"08/16/2019 - 07:31","base_altitutde","-40.4162"
"08/16/2019 - 07:31","temp","24.07"
"08/16/2019 - 07:31","pressure","1151.52"
"08/16/2019 - 07:31","depth","1.42"
"08/16/2019 - 07:31","base_temp","22.3277"
"08/16/2019 - 07:31","batt","3.42568"
"08/16/2019 - 07:31","height","1.29919"
"08/16/2019 - 07:31","base_humid","78.4333"
"08/16/2019 - 07:46","base_pressure","1018.18"
"08/16/2019 - 07:46","base_altitutde","-40.9447"
"08/16/2019 - 07:46","temp","24.01"
"08/16/2019 - 07:46","pressure","1155.17"
"08/16/2019 - 07:46","depth","1.45"
"08/16/2019 - 07:46","base_temp","22.3988"
"08/16/2019 - 07:46","batt","3.49658"
"08/16/2019 - 07:46","height","1.33394"
"08/16/2019 - 07:46","base_humid","78.3847"
"08/16/2019 - 08:02","base_pressure","1018.05"
"08/16/2019 - 08:02","base_altitutde","-39.9089"
"08/16/2019 - 08:02","temp","24.05"
"08/16/2019 - 08:02","pressure","1159.89"
"08/16/2019 - 08:02","depth","1.50"
"08/16/2019 - 08:02","base_temp","22.4039"
"08/16/2019 - 08:02","batt","3.53203"
"08/16/2019 - 08:02","height","1.38117"
"08/16/2019 - 08:02","base_humid","78.1168"
"08/16/2019 - 08:17","base_pressure","1017.99"
"08/16/2019 - 08:17","base_altitutde","-39.5707"
"08/16/2019 - 08:17","temp","24.03"
"08/16/2019 - 08:17","pressure","1164.17"
"08/16/2019 - 08:17","depth","1.55"
"08/16/2019 - 08:17","base_temp","22.3582"
"08/16/2019 - 08:17","batt","3.50947"
"08/16/2019 - 08:17","height","1.42342"
"08/16/2019 - 08:17","base_humid","78.5241"
"08/16/2019 - 08:32","base_pressure","1018.21"
"08/16/2019 - 08:32","base_altitutde","-41.3463"
"08/16/2019 - 08:32","temp","24.18"
"08/16/2019 - 08:32","pressure","1169.72"
"08/16/2019 - 08:32","depth","1.60"
"08/16/2019 - 08:32","base_temp","22.2769"
"08/16/2019 - 08:32","batt","3.49336"
"08/16/2019 - 08:32","height","1.47538"
"08/16/2019 - 08:32","base_humid","78.2324"
"08/16/2019 - 08:47","base_pressure","1018.19"
"08/16/2019 - 08:47","base_altitutde","-40.8601"
"08/16/2019 - 08:47","temp","24.22"
"08/16/2019 - 08:47","pressure","1173.97"
"08/16/2019 - 08:47","depth","1.65"
"08/16/2019 - 08:47","base_temp","22.3176"
"08/16/2019 - 08:47","batt","3.49336"
"08/16/2019 - 08:47","height","1.51692"
"08/16/2019 - 08:47","base_humid","78.8884"
